--
-- PostgreSQL database dump
--

\restrict QS0zphcpZiv7pnYpXXDksewxGHiH6lb02PcykM7gdiiLRSLw1r5z2twFM1K1l79

-- Dumped from database version 17.7 (Homebrew)
-- Dumped by pg_dump version 17.7 (Homebrew)

SET statement_timeout = 0;
SET lock_timeout = 0;
SET idle_in_transaction_session_timeout = 0;
SET transaction_timeout = 0;
SET client_encoding = 'UTF8';
SET standard_conforming_strings = on;
SELECT pg_catalog.set_config('search_path', '', false);
SET check_function_bodies = false;
SET xmloption = content;
SET client_min_messages = warning;
SET row_security = off;

--
-- Data for Name: user; Type: TABLE DATA; Schema: public; Owner: -
--

COPY public."user" (id, first_name, last_name, email, phone_number, bank_account, bank_name, bank_branch, nrc_number, physical_address, password_hash, role, approved, first_name_next_of_kin, last_name_next_of_kin, phone_number_next_of_kin, date_joined) FROM stdin;
bfece7fe-a54d-4c56-867c-58eae93c3372	Admin	User	admin@villagebank.com	\N	\N	\N	\N	\N	\N	$2b$12$g.vOP5itCN/8TSKa4xiE4.m84xXJ35HX/vTVJwKzbGyH2IGRxhlRa	ADMIN	t	\N	\N	\N	2026-01-22 17:26:03.501207
03c3602c-b1a5-4b14-8c0f-07a621ff6040	Misheck	Chola	misheckjibeki@gmail.com	+260977709582	5900462100184	Joseph Everton Luboss 95	Kitwe BUSINESS CENTRE OBOTE	219665/68/1	Farm 23A Makeni Lusaka	scrypt:32768:8:1$gvdTNS8fYszatxAm$fbd4f61b45b0c7867b92155095340379a46be8c535bdb1523b8a4396586b6a95a81c0bfc679f4115f7e359861f3bf84012406eb6e436f6d31b0e6d516f67065a	MEMBER	t	Yona	Mumba	0977806838	2026-01-20 06:33:25
12d491a7-6d07-4257-a92b-00b1c5ddccf9	Musonda	Bwale	bwalemusonda@gmail.com	0977702481	63052833267	FNB	KITWE	212446671	CHIBU4809	scrypt:32768:8:1$1XppBhB9Hsa1uZZh$55b08f5a9c5d29e53c150df90e2eb88b6981e1c8940b29af1323e3522f396bdd9fdbb8da93c99b32ed96a73625987a804ffd77179ccf366f7b11a32828afa3c1	MEMBER	t	KALUMBA	BWALE	0966029966	2026-01-18 13:37:51
1440e811-8fd2-43c4-9dee-6361a58d0c16	Kelvin	Mulenga	kcmulenga@gmail.com	+260966336630	9130002867846	Stanbic	Ndola main	303628/61/1	Flat 5 Hillview Flats Chalala Lusaka	scrypt:32768:8:1$EgsB0h16IDkBKDPG$16afd3945229b6b8bf23258934f55e49df047fc15fb59bd5ef7782a4ef3b4ac5b46698dae5aee008a8aa5d9edfca91351b0f9bb209a05571c2a1d1eb17ca2968	MEMBER	t	Lucy	Musosha	0978330704	2025-04-14 20:08:26
1e5d93f5-b0d4-4c4a-a94a-72c17c5d0e95	Sitembeya	Vincent	sitembeyaV@gmail.com	0978009191	7846580100150	ZANACO	LUANSHYA	332213/68/1	MAKENI BONAVENURE HOUSE NO9	scrypt:32768:8:1$SmjKdfvl5nUN2Kcr$15ad4434da799bae249d45c8ea2caec130de2c10644f27e40f6256ede574d71895ca618228f218e353c12203f5e02e7f729afcbeb115b825a498401ed26473e4	MEMBER	t	MWAPE	MWEWA	0968240254	2025-04-20 05:52:05
250e0219-7568-4777-8ab5-4aa2a5a73402	Frank	Malama	malama_frank@yahoo.com	0967174050	09-1081105	Absa	Kitwe	214990/68/1	Plot 2289 Chambishi	scrypt:32768:8:1$lqIuekkngrmhN65I$a2517f51e4baa205634ecd9b84ff335757d1fe6bff6c4296bf3567e65f54fd768520da2c0bdf6ed68049d84a501b9d07e60ceb1279116ad8988c0b1f6d626148	MEMBER	t	Catherine	Musela	218590/68/1	2025-04-12 06:04:59
267d19e7-8737-4399-a7f0-c79bd438b46c	Admin	Admin	luboss95vb@gmail.com	16827164264	5900462100184	ZANACO	Kitwe	n/a	n/a	scrypt:32768:8:1$Aj0WeCn7R1Sve53f$0c3bdb2b8022511c4b35280d198b7a93edea7f80c7449671b6d546ee44fbf612cbb7f8238d8e01e524e54425825c3bf0b0c3f60e81d625c836c95335d3e26137	ADMIN	t	N/A	N/A	N/A	2025-03-23 07:52:56
2e6e682c-5fa1-49b9-833c-c1f1d7649ab6	Everton	Kabwita	ev.kabwita@gmail.com	+260978616109	9130000679414	Stanbic Bank Zambia	Cairo Road	219288/68/1	836 MN Kitwe	scrypt:32768:8:1$zEgZ8zfMwg91fJEd$019eb84b6bf51b0d12673160b9bccd34d5a2b549ea647a2e13051bec890d9b979278e771819f635a13a52a644f952853d21bf2e0b9872405ee8c57ad7ff706c8	TREASURER	t	Margarita	Kabwita	+260978616108	2025-04-11 08:45:18
3038ecc0-9fcf-4772-9f01-c462b4dbecec	Patrick	Mulongoti	patrickmulongoti74@gmail.com	0977997047	62701135974	First national bank	Chilenje	211320/68/1	H/n 01 chalala Lusaka	scrypt:32768:8:1$pClp2DFCGyfGKwdH$82206e3a1146e0375339aafe658b7262ae63b33575af755e9b9e13382778547b29d3e9fc6a1cbf5ed64a008b4b2baa763a364dee49720295f6ed3511802bc096	MEMBER	t	Margret	Mulongoti	0973146595	2025-05-21 12:36:44
3545fba2-2e40-448c-bd90-a769b1dd1ae4	MUKWENYA	BANDA	mukwenyabanda@gmail.com	+260966928986	0100120246100	Stanchart	Manda Hill	218112/68/1	Kabangwe	scrypt:32768:8:1$DFFVXvPTkOocEeyA$3f6c67932bb118cecee8235c083f9a9a9e9a0a3ec29a314c993338b230514906fcd0db3722601c51563ec9c6dbd2ee8cc1d5c8142f97315a76b971c66916b310	MEMBER	t	JESSIE	BANDA	0771922780	2025-08-25 07:02:37
3daa57ee-0110-47cd-8021-32de446662c6	Goliath	Phiri	phiri.goli@gmail.com	+260779674373	Zanaco	Zanaco	Twinpam	223174/68/1	327 A Ibex Mean wood Lusaka	scrypt:32768:8:1$ewYydGykqpF3TZ7w$f13d918a6702326f7a32dae884459724cba6d369326b28a5b6a2da04e9d8a709aae4bcf993c8d47c297a8bc7095c72d28f902fc3dec95940c5448190f4d9a9f5	MEMBER	t	Martha	Phiri	0964555020	2025-04-19 12:15:05
4efb01f3-77c0-4afc-a71a-d80278a0e1dd	Ramon	Phiri	ramonphiri7@gmail.com	+260977871530	0100112301900	Standard Chartered Bank	Lusaka Main Branch	223070/68/1	House Number 23018, PHI Bennie Mwiinga, Chitimukulu Road - Lusaka	scrypt:32768:8:1$4sHLbNwdFDDb2WxK$d5d5ceec637fdab467bcedf23eda4a3d8eece60b21f48554cb771af2d46f6394bb225b163af9a538c3b90020f86d014009723ff602bac17750dfa727b785661c	TREASURER	t	Daliso	Phiri	+260779277093	2025-04-11 20:19:08
4f34d880-c302-4a10-8e4f-f58baf92c42e	Sydney	Kambatika	sydneykambatika@gmail.com	0978880502	62679099468	First National Bank	260006	216324/68/1	22 mupapa Street chilenje South Lusaka	scrypt:32768:8:1$ZI3FuuD7moAwXhhA$7d3539bad6709e61bad617460f12b4f4064fdb8f952e9c811f4ca611a796bd9d4558e661379b3fd9ec4595d54d1f533f37c3106eb8ffa4205c0c240a5af8258f	COMPLIANCE	t	Annie	Mbewe	0974287637	2025-04-12 05:42:43
587316b0-34cb-4f4d-bbb9-b3833fea6b17	Percy	Mwezani	percy.mwezani@gmail.com	+260978040370	9130002349861	Stanbic Bank Plc	Industrial	228011/68/1	Chalala off Kasama Rd	scrypt:32768:8:1$1KTgnitYqPliaZRJ$053df186235018285a00c40590478abfa9771b111e60482109341b0ab467e4f312b8599c1dd8f988b0881aecc6aef9a51beaa7f5171ed002456b5fb3eb4365e6	MEMBER	t	Mulange	Jongolo	+260972101766	2025-04-13 05:44:14
5cc51031-1b69-4d06-b25a-c2be712b90d8	Muchula	Maboshe	muchulamaboshe@gmail.com	+260977626683	0105950711010	Access	Kalomo	229052/68/1	17 Nsombo Street, Miseshi, Kitwe	scrypt:32768:8:1$vQkSe5pe2soTpVT6$3057c406e3eba07d5170d82b6e7a2dbcc0ad4bcd4a4998d6e419782e37533eef945c3b0065f22da3ed26bf30eb2381a99bfd8d96e169ad060a830b188d81e95f	MEMBER	t	Ruth	Sitenge	0977961955	2025-04-13 19:32:17
5e27933d-81fc-4ddb-a47b-a83f729b849f	Evans	Mwansa	evansmwansa@yahoo.com	00447456424202	0071020007271	Indo zambia bank	Ndola	202457/62/1	38 Frederick Place, RG41 2YB	scrypt:32768:8:1$pYcGh5vlhulrTb9f$e6e92d26af100453b563419a1b2f5358a3c3ffeb5fcc57b4a1fbfd837839eb107ed2f6926452e367079b8c5b304984da02174e7f838f0408c244c74ae3ff08d2	MEMBER	t	Mapalo	Mwansa	07782785288	2025-04-22 09:31:01
5f8b8f0b-0a54-4c33-aba0-9b81b1f3b973	Webster	Ngulube	etpesteemed@gmail.com	+260966735857	5660000002021	Eco Bank	Ndola main branch	212585/68/1	Flat#F3 Mitengo flats	scrypt:32768:8:1$7u8EVxQqoVLB93B2$86147055acc88d0fc477b16ddecd19181a3b7b6bd561f3e723ec99b83b32f61fb5fa889e61ab6cfa159c570324dea93a6200d9873924ded5df755df2dd032eb0	MEMBER	t	Rose	Simwawa	0966306267	2025-04-11 19:57:45
65422c55-badb-4353-bc84-20926093379a	SYDNEY	TEMBO	sydneytembo@yahoo.com	0974995911	0092030000420	TOREROCK LIMITED	CHINGOLA	218581/68/1	A99, GARDENIA AVENUE, NEWTOWN LUANSHYA	scrypt:32768:8:1$wCy6zrQLuVlJyU2x$80d338e333b945e82add67049ab8630a4008ec93fc25c47d9fe313b8e810938c81729f8d2d55695c753550bbbf207441cb3925f48829802a3538bc55dfe30f08	MEMBER	t	MARY	TEMBO	0977588281	2025-04-21 08:54:25
6a4b2dc7-50bf-4064-9c8e-ee9da9e50525	Pythias	Kahanji	kahanji.pythias@gmail.com	+260966870213	0211056088	ABSA  ZAMBIA	Mazabuka	226113/68/1	A4379 Meanwood Lusaka Zambia	scrypt:32768:8:1$JaKjIZwX6QN7eu4L$0a2162e4f4404c7ebaa2181ce359560aa8590d81e1cc5da89b977d0e92887d064815e4dd7238787f53c9049970aec1fcb0465d5b9faebedd08c8f1707c06e112	MEMBER	t	Wana	Kahanji	+260965246326	2025-12-26 07:30:01
6d51adda-a249-4932-a60e-02a5682eb688	Joshua	Chewe	chewejoshua064@gmail.com	+260977493745	1020324100154	ZANACO	Ndola West	252741/16/1	82 Kwacha Rd Northrise Ndola	scrypt:32768:8:1$vyQHI6t0jj2Y05l4$acc90bb8a0382e466def7cc1598d8e8d94997b38377d51e7e2fcbd356d240a370a22ca846c22165c4e6e153853790900021d1cbe1e4d090fe5564cb78bab3d19	MEMBER	t	Lannah	Musuku	+260978766327	2025-12-20 12:52:28
73adc4bb-1c96-4423-81f0-5f833963850d	Chishimba	Kabamba	kabamba1977@gmail.com	0977 716636	0170411013	ABSA Bank Zambia	Longacres	219655/68/1	Plot 470 Chudleigh Lusaka	scrypt:32768:8:1$JPTLz5MzdWowSCR5$281229ff0d1c4ef2c2b5dafa80f2d39bb6b2163cee3a3ef9515545c1a075ab0e199d8150d01e2eef593ae36c1111184db852016cb206f1ac302f12e34841078a	MEMBER	t	Mwaba	Kabamba	0772895548	2025-04-21 12:51:18
74b3f833-ea5f-47fe-8fc5-a663f0e0a9a0	Sydney	Chikampa	sydneychikampa@gmail.com	0978792118	0101654501200	Standard Chartered	Livingstone	262398661	E39 Off Kapila Road, 15 miles	scrypt:32768:8:1$FPGNmwpwinFxYPoM$172d78cf7590a00217502466d1b275de74baf99d464599c85d43512bc7ad426db62a9d32624bd3cfb5fadefe3594c025ebe0ca33ddd9e4c14d842a41ceb9d437	MEMBER	t	Belinda	Musenge	0979854646	2025-04-11 08:56:28
772035cb-6f95-4aa0-93ea-f7448f064fcc	Barack	Kalima	barackkalima@yahoo.co.uk	0977412707	1801976	ABSA Zambia PLC	Business Centre	222215/68/1	New Kasama	scrypt:32768:8:1$mCkhYgTeGL1Umf20$f9f0bf2fbf0a3610e7eab133aad230f32d0a82b4e64c65569131cbf8a1da041c6f14cf4e1b7e490dc803390d0e80126924ab529e376341569b8a8ebe1041b75e	TREASURER	t	Marissa	Kalima	0977160011	2025-04-14 06:02:11
793e68ec-7357-4425-bdd5-9ac0a09a9eb2	Benjamin	Kasongo	benjaminkasngo@gmail.com	+260 961638561	0524867100131	Zanaco	Luanshya	203914/62/1	50863, Chalala , Lusaka	scrypt:32768:8:1$4i46EkzplGuRNMYY$166fed79f7f41a7da0603785fb0cad5dc62055d5d12e510be4e627a5b3139f7b14614f836869c760a4284be3ae28a2344fb4eb2cf25cb94f3ce69de8988d3dc8	MEMBER	t	Evelyn	Mwansa	+260 973060590	2025-04-13 15:52:38
863fc18c-06fe-4333-9212-0a39094c1099	Simon	Mugala	simonlogistix@gmail.com	0764200828	63066989923	FNB	Manda Hill	356027/67/1	26 Begonia Street, Salama Park Lusaka	scrypt:32768:8:1$xLtjWzk0yKgiIgmF$1e62cda324d9bfeba996fc5f23b66348e3318b0235242437996427704555c09d297a676922bed2c0f34a9ba6768c401658cb1a7bfe80a305296cd78e6505c8c3	COMPLIANCE	t	Twasalifya	Namugala	0773979100	2025-04-14 19:19:41
88c19043-4299-4c96-9118-2ef8cd902f0f	Micheal	Ngoma	ndinengoma@gmail.com	260977751400	0162076264	Absa	Lusaka business center	211795/68/1	Plot 919/30 lusaka south	scrypt:32768:8:1$IPyHLkdOFX98XWHV$c11cb6b3638e14ab361109a3817b57838bf23b9c5970d975c56074eff07de235687e0065bf26ebaa40bf881806cc2819e10863aff62ab11e5d46ce72a50729b4	MEMBER	t	Zondiwe	Ngoma	260977481492	2025-04-12 05:56:52
8f4da3df-a841-413d-a8fe-4da8e115e9bd	Victor	Mwape	victor.mwape@yahoo.com	+260979606344	0600737100178	Zambia National Commercial Bank	Northmead-Lusaka	216025/68/1	60 Matandi Road, PHI	scrypt:32768:8:1$mICfje28mMnAlN6q$a6f659b42c72e83fb875714e4a9c6374176a451c9777372d04bf767c84da082abffeb4e9f60c1bb673345931477483c43b9bf26502fc82935483ab2a22166f0f	MEMBER	t	Sithabile	Mwape	+260977761491	2025-04-15 08:18:46
968f6e80-ff7e-4b66-a7d6-14dab66cc032	Kalunga	Kanyanta	kalungakanyanta@gmail.com	0974060948	9130001597985	Stanbic Bank Zambia	Quorum	183976/12/1	2545, Meanwood, Lusaka	scrypt:32768:8:1$f2cRBPETZs32Evwh$f6b720091a32318f594147bfb79444d5ddc5dead78ae8c11abd1914d9c360e384f74fd53439005f00d418530827d69cf9c9552a2f107c0f7014c0aef79432fef	MEMBER	t	Chewe Elizabeth	Bwalya	0977865822	2025-04-14 18:15:37
9c46ecf4-8487-4ae3-9cad-8a37f853c999	Gerald	Ndhlovu	gndhlovu2@gmail.com	+260977749516	0000000000	Stanbic Bank Zambia	Arcades	340451/67/1	Lilayi Lusaka	scrypt:32768:8:1$vWxHNsPK5WgNlGM5$05089ff9fab164a20cd8a045f509b147fdb5403485a7ca9350b1ef8c79b63b48ae94012fc795e9fba97b82ee7b840279264921a853c20d415424e58b5cd97494	MEMBER	t	Nawiti	Chanda Ndhlovu	0961749516	2025-04-13 06:08:51
a4c15bb9-014a-4f59-8117-22c9b59655d6	Humphrey	Sindawa	ntazanah@yahoo.com	+260974873826	017-1461243	Absa	longacres	219639/68/1	Arakan Barracks Lusaka	scrypt:32768:8:1$6R89JqbDqO4kjZfH$b3f52cdb6e59e95ad285839655d35aa6a74cef70873f759a05b5d4bbe8e8f753d9379c93937e0c48a18014c4098706f036e4670797a865717a7692dfff382880	MEMBER	t	Susan	Chimpusa	+260977328990	2025-12-20 08:56:07
a9ad7252-1899-41f5-a4dc-23099c0fcc5c	Choowani	Shimilimo	shimilimo@yahoo.com	5053627351	439010382729	Bank of America	Country Club	217845/68/1	C/O Shabeenzu Shimilimo 24 Maina Soko Drive Kalulushi Coppebelt Province Zambia	scrypt:32768:8:1$VFp1a2AVZlrgdY2e$564d07a46ed246a8868bfe32a4193c817e97c7d4f9596611d32d6a6ccd1bfdba46d945f2bc2cffd4d395fde52c35b88d830fc91b8ef303b42d58d2c64463cc51	MEMBER	t	Mwiinga	Shimilimo	+1260-97 7697931	2025-12-18 23:20:41
be7aa2c0-6643-41aa-936c-24bc0095075e	Mabuchi	Chilembo	mabuchichilembo@gmail.com	+260966102501	0583405100166	ZANACO	Civic Centre	240872/43/1	1212 Avondale, Lusaka	scrypt:32768:8:1$rqBR72j0zN7eKqrm$403514d39091cd43fa94eaaf095a14135daf1341b3c582aaf622e451f6d12d3ca3d3f6e139c6726187bb429086855dad227836f2a37eeeba8e2b21cc1f30ce48	MEMBER	t	Tione	Moyo	0966150551	2025-04-21 15:46:14
c37a45bf-6068-451c-a8cf-94f4768a927a	Joshua	Banda	fiengyi1000@gmail.com	0975654521	0689479236021	Zambia national building society	Chililabombwe	220477/68/1	Plot 261 new kamenza east	scrypt:32768:8:1$ywbOu9H9MBY9vzrk$a1f68b877084e206e7b03e414d957d3513d255ea1fc9a1e7b21a67265c499200bdba624cb89f8d321636003fcbfa3c7a555f8ac3d104b840abe81044bc0b1d3a	MEMBER	t	Brendah	Banda	0979508477	2025-04-17 14:09:34
cacba21b-7eee-4b89-9452-c04e4ba71509	Kelvin	Mweemba	mweembakelvin9@gmail.com	+260971414799	Cheque	First National Bank	Kitwe	217439/68/1	Flat B of Plot No.S/LUSAK/SLN_0003/2829, Libala Water Works, Lusaka	scrypt:32768:8:1$KR9QHr656eDAOW61$ebb2fb0d2c734b12142abdf3ce4225b216a1b2f748376250f9acbe43cfb60a9c463e047fb365e9740c096691da8d5a5825494ddfe5848e2aac153cab6a4c0153	MEMBER	t	Syra	Nsofwa	0965855375	2025-12-28 11:32:26
d7c6b864-e3e6-44e1-ad6a-9d83b779e563	John	Doe	teddy.nyambe@colostate.edu	6827164264	9999999	Stanbic	Manda Hill	222222/68/1	Lusaka West	scrypt:32768:8:1$toZB6xhdgrj3Ik7Q$3ee1b9f535272dade3d2ea962bc8521385159058eb7452e5e7729ca0d00fae7856386bbbb87c97dd879a66d77ca01b3015813831001e8cc1e2a539b4cd81a9ba	MEMBER	f	Mary	Paul	99999999	2025-12-15 01:42:07
e54c0542-a41a-4bad-a002-59e6d430cc31	John	Luhanga	johnluhanga764@gmail.com	+260966749317	63105332356	FNB	Luanshya	211270/68/1	46 Syringa Avenue, Luanshya.	scrypt:32768:8:1$RJtjd5G8B4zBb3Ly$075d8c14093f2e2a77f83205feb0dd19d57076f72b0f33ee19d4ab5fff4ce289061ab8f58401c49f7182df0189c4a58d6bb7dbb129e28c6e7827dbe89e291a91	COMPLIANCE	t	Mary	Luhanga	0963536638	2025-04-11 09:34:24
e82eb375-9146-4f90-97f8-030ef4b10dfc	Stephen	Chimfwembe	Chimfwembes@yahoo.com	7035823959	INDO	Business	Muchinga	217554/68/1	Muchinga area	scrypt:32768:8:1$ssyzhC17JVGnXOOv$da94cfa38cf06be71d86002df4ed2a44866ef32e1d37a97d8f7e4e4cc53cb5c23a6cbf35652ad8c7a1e48b54b1d2cfa12b06f38191cab27ab662ef2e5a588705	MEMBER	t	Ngosa	Chimfwembe	7035823959	2025-04-11 19:03:22
ea890bbd-7681-4fa9-8377-24255fc8a296	Dennis	Kaonga	kaongadennis0@gmail.com	0968387499	0601463100116	ZANACO	KAFUE	205716/62/1	3384 M Avenue Newtown Luanshya	scrypt:32768:8:1$SOnVQBhzQyVfdKzA$189965d2cb735fda03f0c3a543c74c11160f7becb5e88716fc5a5e63dcffc47a463ba1b6ab6c6b052262b801dbad95c679165a18d74fa69f246e696f310e2330	MEMBER	t	MERCY	CHIPITA	0977404932	2025-04-20 16:38:18
fb18a07a-323b-42b2-a98b-4969f6d4bd55	Collins	Chulu	collinschulu64@gmail.com	+260977592938	0100136400900	Standard Chartered Bank	Luanshya	215042/68/1	KL555 Nkana Road Kamirenda	scrypt:32768:8:1$LfyvO6RqVKp8LR31$f5f1ce92b1d836cd9a9478bdf83b62d8aa7d273d77d118a9fd39de372baeac91361627c3ee1adbf381b196f9574df7666342c534228ca3a33b21e47659fa4a05	MEMBER	t	Babra	Bwalya	0965577371	2025-04-15 18:34:35
ca6d03b7-4964-4613-bed5-9c66bd0e4fa7	Kingson	Mbao	kmbao2@gmail.com	0966880031	0251185239	ABSA	NDOLA	307448/61/1	70 GEDDES ST, NKANA EAST	scrypt:32768:8:1$PorpPs8LkA6DHaW7$0124ee00aa8d7128cae69fc377468572cc42980fe02a51969029f3377f9aab260723760d67a04926f10d1d7db616a1b48d7dd7f66b75f00cf6b6a89067ddc602	CHAIRMAN	t	REJOICE	MWAMBA	0965320488	2025-04-11 09:04:09
82a6b60a-0fe5-40c3-afa0-e8dfb346d0e0	JOSEPH	SINDAWA	jsindawa@gmail.com	+260979093132	9130002062457	Stanbic Bank	Obote Kitwe	220671/68/1	H1054 Ndeke Village, Kitwe	scrypt:32768:8:1$V7kw6Oj9EphgeQZz$9b4d12caec6f8b13b1a3abfd1c95f14368ff86e364f8fd2243f48401524b20855d922d47fc14387b37c07beb8690dda36debbcba6c4912ef3870536861abb80e	CHAIRMAN	t	Marjorie	Mwanza	+260966183793	2025-04-07 13:47:37
f98efefd-37d2-4199-8214-35d8035339ce	Teddy	Nyambe	teddy@infinityworx.co	16827164264	0200551032868	Absa Zambia	Elunda Premier	217385/68/1	Lusaka West	$2b$12$5oxbHNd2KUyFtP1N203XVOwm0F0V5AnSx3ntOAgrPFemlJ5ppXDQi	TREASURER	t	Sharon	Nyambe	+26097753626	2025-03-23 07:57:47
\.


--
-- Data for Name: ai_audit_log; Type: TABLE DATA; Schema: public; Owner: -
--

COPY public.ai_audit_log (id, user_id, query_text, tool_calls, response, citations, "timestamp") FROM stdin;
2aa9a130-43c2-4b6f-9aef-f1ede1d60557	f98efefd-37d2-4199-8214-35d8035339ce	What explain the penalty on my account, why is it appearing?	[{"tool": "get_my_penalties", "result": [{"notes": "Late Declaration - Declaration made after day 20 of January 2026 (Declaration period ends on day 20)", "status": "APPROVED", "penalty_id": "956fa570-8e0e-4e7e-b71a-24e2035cb394", "date_issued": "2026-01-22T17:26:03.501207", "penalty_type": {"name": "Late Declaration", "fee_amount": 50.0, "description": "Penalty applied when a member fails to declare between the dates set."}}]}, {"tool": "get_my_account_summary", "result": {"status": "active", "member_id": "e449b521-3666-45ac-8dce-ee7e7a78eaaa", "loan_balance": 0.0, "savings_balance": 0.0}}, {"tool": "get_policy_answer", "result": {"context": "", "citations": []}}]	**Why the penalty appears on your account**\n\nYou have one penalty recorded:\n\n| Penalty ID | Date Issued | Status | Penalty Type | Fee |\n|------------|-------------|--------|--------------|-----|\n| 956fa570‑8e0e‑4e7e‑b71a‑24e2035cb394 | 2026‑01‑22 | **APPROVED** | **Late Declaration** | **K50.00** |\n\n**Explanation**\n\n- **Late Declaration** – This penalty is applied when a member does **not declare between the dates set for the declaration period**.  \n- For the month of **January 2026**, the declaration period ends on **day 20**.  \n- Your declaration was made **after day 20** of January, so the system automatically applied the penalty.  \n- The penalty fee is **K50.00**, as defined in the penalty configuration.\n\n**What you can do**\n\n- **Submit your declaration** before the next period’s deadline to avoid further penalties.  \n- If you believe this penalty was applied in error, you can request a review through the app’s “Penalties” section.\n\nLet me know if you need help with the declaration process or have any other questions!	[]	2026-01-22 17:26:03.501207
ef289fc3-61c6-44a8-b137-cf605f66cd30	f98efefd-37d2-4199-8214-35d8035339ce	Show me Joesph Sindawa declarations	[{"tool": "get_my_declarations", "result": [{"status": "proof", "declaration_id": "d69c480b-c0a5-4474-ad1c-c16d3e7dac09", "effective_month": "2026-01-01"}]}, {"tool": "get_my_account_summary", "result": {"status": "active", "member_id": "e449b521-3666-45ac-8dce-ee7e7a78eaaa", "loan_balance": 0.0, "savings_balance": 0.0}}, {"tool": "get_policy_answer", "result": {"context": "", "citations": []}}]	I’m sorry, but I’m not able to share declaration details for other members. I can provide basic profile information about Joesph Sindawa if that would help—just let me know!	[]	2026-01-22 17:26:03.501207
6bc67dff-71a0-4842-a709-c41a42ac5623	f98efefd-37d2-4199-8214-35d8035339ce	show me	[{"tool": "get_policy_answer", "result": {"context": "", "citations": []}}]	I’m happy to help! Could you let me know which policy or part of the policy you’d like to see? For example, are you looking for the declaration period rules, loan application guidelines, or something else? This will help me provide the most accurate information for you.	[]	2026-01-22 17:26:03.501207
c756036d-9f3b-4157-817d-0c9ce242263b	f98efefd-37d2-4199-8214-35d8035339ce	show me basic information about Joseph Sindawa	[{"tool": "get_policy_answer", "result": {"context": "", "citations": []}}]	Sure! I’ll pull the basic member details for **Joseph Sindawa** (name, email, phone, status, and join date) and share them with you right away. \n\nLet me fetch that information for you…	[]	2026-01-22 17:26:03.501207
2230500b-9efd-4832-b21a-08aec4b0bad3	f98efefd-37d2-4199-8214-35d8035339ce	show me	[{"tool": "get_policy_answer", "result": {"context": "", "citations": []}}]	I’m happy to help! Could you let me know what specific information you’d like to see—such as a particular policy section, penalty rules, or something else? This will help me provide the exact details you’re looking for.	[]	2026-01-22 17:26:03.501207
\.


--
-- Data for Name: alembic_version; Type: TABLE DATA; Schema: public; Owner: -
--

COPY public.alembic_version (version_num) FROM stdin;
add_penalty_type_to_cycle_phase
\.


--
-- Data for Name: credit_rating_scheme; Type: TABLE DATA; Schema: public; Owner: -
--

COPY public.credit_rating_scheme (id, name, effective_from, description, created_at) FROM stdin;
987e6f6d-5152-4a81-9c5d-24c0be46eaa2	Default Scheme	2024-01-01	Default credit rating scheme	2026-01-22 17:26:03.501207
b0c0f7e0-4981-42fa-b580-de8a503016aa	Credit Rating 2025	2025-12-01	\N	2026-01-22 17:26:03.501207
75896d71-580e-44e1-9a64-dd19a0532f70	Credit Rating 2027	2025-12-01	\N	2026-01-22 17:26:03.501207
d3650081-c6e7-4220-85c1-bb062b47b1d7	2026 - Credit System	2025-12-01	NEW AND DEFULTED OLD MEMBERS \nCharacteristics\ni.\tJust joined the Village bank\nii.\tMust save for a minimum of two (2) consecutive months.\niii.\tNever borrowed in the previous cycle \niv.  \tDefaulted on loans in the previous cycle\nBenefits for New and Defaulted Old Members\ni.\tEligible to borrow in the second (2) month up to twice the total amount saved.\nii.\tAfter six (6) consecutive months of savings with no defaults, eligible to borrow up to three (3) times the total amount saved.\niii. \tWhere a new member qualifies for a loan amount above K100,000.00, the collateral clause shall apply\niv. \tNormal threshold interest rates to apply\n\nMEDIUM RISK\nCharacteristics\ni.\tHas saved throughout the previous cycle\nii.\tHas borrowed at least 3 times in previous cycle\niii.\tHas not defaulted in repayment of loans\nBenefits for Medium Risks\ni.\tCan borrow up to 3 times his savings\nii.\tFirst to be considered when funds for lending are limited\niii.\tNormal threshold interest rates to apply\n \n LOW RISK \n Characteristics \ni.\tBorrowed to K50,000 threshold\nii.\tHas saved throughout the previous cycle\niii.\tHas borrowed more than 4 times in the previous cycle\niv.\tHas not defaulted in repayment of loans\n\n\nBenefits for Low Risks\ni.\tCan borrow up to 3 times his savings\nii.\tFirst to be considered when funds for lending are limited\niii.\tStart at 8% interest in the new cycle  \niv.\t Can borrow for five months at the rate of 24%\n\n COLLATERAL USE FOR LOANS\nTo minimize the risk of huge amounts above K100,000, members should provide collateral. Collateral use shall be guided by Annex IV below. 	2026-01-22 17:26:03.501207
1ca6f9c2-7480-4fcd-a37d-68e46892ed36	Credit Rating 2026	2025-12-01	NEW AND DEFULTED OLD MEMBERS \nCharacteristics\ni.\tJust joined the Village bank\nii.\tMust save for a minimum of two (2) consecutive months.\niii.\tNever borrowed in the previous cycle \niv.  \tDefaulted on loans in the previous cycle\nBenefits for New and Defaulted Old Members\ni.\tEligible to borrow in the second (2) month up to twice the total amount saved.\nii.\tAfter six (6) consecutive months of savings with no defaults, eligible to borrow up to three (3) times the total amount saved.\niii. \tWhere a new member qualifies for a loan amount above K100,000.00, the collateral clause shall apply\niv. \tNormal threshold interest rates to apply\n\nMEDIUM RISK\nCharacteristics\ni.\tHas saved throughout the previous cycle\nii.\tHas borrowed at least 3 times in previous cycle\niii.\tHas not defaulted in repayment of loans\nBenefits for Medium Risks\ni.\tCan borrow up to 3 times his savings\nii.\tFirst to be considered when funds for lending are limited\niii.\tNormal threshold interest rates to apply\n \n LOW RISK \n Characteristics \ni.\tBorrowed to K50,000 threshold\nii.\tHas saved throughout the previous cycle\niii.\tHas borrowed more than 4 times in the previous cycle\niv.\tHas not defaulted in repayment of loans\n\n\nBenefits for Low Risks\ni.\tCan borrow up to 3 times his savings\nii.\tFirst to be considered when funds for lending are limited\niii.\tStart at 8% interest in the new cycle  \niv.\t Can borrow for five months at the rate of 24%\n\n COLLATERAL USE FOR LOANS\nTo minimize the risk of huge amounts above K100,000, members should provide collateral. Collateral use shall be guided by Annex IV below. \n\n	2026-01-22 17:26:03.501207
\.


--
-- Data for Name: credit_rating_tier; Type: TABLE DATA; Schema: public; Owner: -
--

COPY public.credit_rating_tier (id, scheme_id, tier_name, tier_order, description, created_at) FROM stdin;
0d79b19c-743e-4a7e-8b85-4b2c591f2271	987e6f6d-5152-4a81-9c5d-24c0be46eaa2	NEW AND DEFAULTED OLD MEMBERS	1	New members and defaulted old members	2026-01-22 17:26:03.501207
86669144-1779-4981-bee8-9cc9b5dbc108	987e6f6d-5152-4a81-9c5d-24c0be46eaa2	MEDIUM RISK	2	Medium risk members	2026-01-22 17:26:03.501207
3c4c6c4f-4721-4a48-95ee-7cf786713db9	987e6f6d-5152-4a81-9c5d-24c0be46eaa2	LOW RISK	3	Low risk members	2026-01-22 17:26:03.501207
8d530baa-3edc-45eb-88ec-feae7fd513af	75896d71-580e-44e1-9a64-dd19a0532f70	Low Risk New Members1	1	scccc1	2026-01-22 17:26:03.501207
38574902-f6c8-4dc8-ae7c-41fc9f85a22a	75896d71-580e-44e1-9a64-dd19a0532f70	Medium Risk	1	\N	2026-01-22 17:26:03.501207
c8dbd619-4ba4-499c-8599-ce8d2f9bfbd4	d3650081-c6e7-4220-85c1-bb062b47b1d7	New and Defaulted Old Members [Hight Risk]	1	Characteristics i.\tJust joined the Village bank ii.\tMust save for a minimum of two (2) consecutive months. iii.\tNever borrowed in the previous cycle  iv.  \tDefaulted on loans in the previous cycle Benefits for New and Defaulted Old Members i.\tEligible to borrow in the second (2) month up to twice the total amount saved. ii.\tAfter six (6) consecutive months of savings with no defaults, eligible to borrow up to three (3) times the total amount saved. iii. \tWhere a new member qualifies for a loan amount above K100,000.00, the collateral clause shall apply iv. \tNormal threshold interest rates to apply	2026-01-22 17:26:03.501207
e41d9c90-c705-4656-84aa-a6575cfb0aab	d3650081-c6e7-4220-85c1-bb062b47b1d7	Medium Risk	2	Characteristics i.\tHas saved throughout the previous cycle ii.\tHas borrowed at least 3 times in previous cycle iii.\tHas not defaulted in repayment of loans Benefits for Medium Risks i.\tCan borrow up to 3 times his savings ii.\tFirst to be considered when funds for lending are limited iii.\tNormal threshold interest rates to apply	2026-01-22 17:26:03.501207
7dd66f39-c5b5-4a7e-9c9e-a768e672f096	d3650081-c6e7-4220-85c1-bb062b47b1d7	Low Risk	3	 Characteristics  i.\tBorrowed to K50,000 threshold ii.\tHas saved throughout the previous cycle iii.\tHas borrowed more than 4 times in the previous cycle iv.\tHas not defaulted in repayment of loans   Benefits for Low Risks i.\tCan borrow up to 3 times his savings ii.\tFirst to be considered when funds for lending are limited iii.\tStart at 8% interest in the new cycle   iv.\t Can borrow for five months at the rate of 24%	2026-01-22 17:26:03.501207
4dbb7ede-f1da-4e11-8d1f-089366470f33	1ca6f9c2-7480-4fcd-a37d-68e46892ed36	High Risk	1	NEW AND DEFULTED OLD MEMBERS  Characteristics i.\tJust joined the Village bank ii.\tMust save for a minimum of two (2) consecutive months. iii.\tNever borrowed in the previous cycle  iv.  \tDefaulted on loans in the previous cycle Benefits for New and Defaulted Old Members i.\tEligible to borrow in the second (2) month up to twice the total amount saved. ii.\tAfter six (6) consecutive months of savings with no defaults, eligible to borrow up to three (3) times the total amount saved. iii. \tWhere a new member qualifies for a loan amount above K100,000.00, the collateral clause shall apply iv. \tNormal threshold interest rates to apply	2026-01-22 17:26:03.501207
11e440da-fbef-4b50-b9a1-f73b05f9be28	1ca6f9c2-7480-4fcd-a37d-68e46892ed36	Medium Risk	2	Characteristics i.\tHas saved throughout the previous cycle ii.\tHas borrowed at least 3 times in previous cycle iii.\tHas not defaulted in repayment of loans Benefits for Medium Risks i.\tCan borrow up to 3 times his savings ii.\tFirst to be considered when funds for lending are limited iii.\tNormal threshold interest rates to apply	2026-01-22 17:26:03.501207
d6929858-8e5a-489c-bcc7-1002b185bcfa	1ca6f9c2-7480-4fcd-a37d-68e46892ed36	Low Risk	3	 Characteristics  i.\tBorrowed to K50,000 threshold ii.\tHas saved throughout the previous cycle iii.\tHas borrowed more than 4 times in the previous cycle iv.\tHas not defaulted in repayment of loans   Benefits for Low Risks i.\tCan borrow up to 3 times his savings ii.\tFirst to be considered when funds for lending are limited iii.\tStart at 8% interest in the new cycle   iv.\t Can borrow for five months at the rate of 24%	2026-01-22 17:26:03.501207
03d64508-5d0e-4488-afa2-e850c3788b94	b0c0f7e0-4981-42fa-b580-de8a503016aa	New and Defaulted Old Members	1	Characteristics i.\tJust joined the Village bank ii.\tMust save for a minimum of two (2) consecutive months. iii.\tNever borrowed in the previous cycle  iv.  \tDefaulted on loans in the previous cycle Benefits for New and Defaulted Old Members i.\tEligible to borrow in the second (2) month up to twice the total amount saved. ii.\tAfter six (6) consecutive months of savings with no defaults, eligible to borrow up to three (3) times the total amount saved. iii. \tWhere a new member qualifies for a loan amount above K100,000.00, the collateral clause shall apply iv. \tNormal threshold interest rates to apply	2026-01-22 17:26:03.501207
2299ba25-ba78-4941-aa24-3a06fa395434	b0c0f7e0-4981-42fa-b580-de8a503016aa	Medium Risk	2	Characteristics i.\tHas saved throughout the previous cycle ii.\tHas borrowed at least 3 times in previous cycle iii.\tHas not defaulted in repayment of loans Benefits for Medium Risks i.\tCan borrow up to 3 times his savings ii.\tFirst to be considered when funds for lending are limited iii.\tNormal threshold interest rates to apply	2026-01-22 17:26:03.501207
87e3b394-ef18-4c06-9b3b-e7c3e9658d9a	b0c0f7e0-4981-42fa-b580-de8a503016aa	Low Risk	3	 Characteristics  i.\tBorrowed to K50,000 threshold ii.\tHas saved throughout the previous cycle iii.\tHas borrowed more than 4 times in the previous cycle iv.\tHas not defaulted in repayment of loans   Benefits for Low Risks i.\tCan borrow up to 3 times his savings ii.\tFirst to be considered when funds for lending are limited iii.\tStart at 8% interest in the new cycle   iv.\t Can borrow for five months at the rate of 24%	2026-01-22 17:26:03.501207
\.


--
-- Data for Name: borrowing_limit_policy; Type: TABLE DATA; Schema: public; Owner: -
--

COPY public.borrowing_limit_policy (id, tier_id, multiplier, max_amount, effective_from, created_at) FROM stdin;
d932ecb8-8306-436f-9be1-5cef51cf3a38	0d79b19c-743e-4a7e-8b85-4b2c591f2271	2.00	\N	2024-01-01	2026-01-22 17:26:03.501207
c87031ed-4516-4eb1-8aad-b58e1e199b04	86669144-1779-4981-bee8-9cc9b5dbc108	3.00	\N	2024-01-01	2026-01-22 17:26:03.501207
6337cf8f-d764-41f9-b25e-0fbbb3e87702	3c4c6c4f-4721-4a48-95ee-7cf786713db9	3.00	\N	2024-01-01	2026-01-22 17:26:03.501207
432f6d6b-a87c-472a-9cb9-df84fde9f27e	8d530baa-3edc-45eb-88ec-feae7fd513af	3.00	\N	2025-12-01	2026-01-22 17:26:03.501207
35b5ec67-d15c-4759-8cda-2dc702a3602f	38574902-f6c8-4dc8-ae7c-41fc9f85a22a	2.00	\N	2025-12-01	2026-01-22 17:26:03.501207
197d8884-2985-44f9-91d9-ea19ced1a2dc	c8dbd619-4ba4-499c-8599-ce8d2f9bfbd4	2.00	\N	2025-12-01	2026-01-22 17:26:03.501207
a6e3f183-ff2e-4c62-9d6f-b983d7413022	e41d9c90-c705-4656-84aa-a6575cfb0aab	3.00	\N	2025-12-01	2026-01-22 17:26:03.501207
ec03f37c-8af7-48b7-b3f9-2fe958717a76	7dd66f39-c5b5-4a7e-9c9e-a768e672f096	3.00	\N	2025-12-01	2026-01-22 17:26:03.501207
e0c341eb-e7b6-47fe-9320-6fc38f8db8de	4dbb7ede-f1da-4e11-8d1f-089366470f33	2.00	\N	2025-12-01	2026-01-22 17:26:03.501207
f6afe632-08a8-4484-99aa-3c8149ecd3fc	11e440da-fbef-4b50-b9a1-f73b05f9be28	3.00	\N	2025-12-01	2026-01-22 17:26:03.501207
41386e48-bfe1-4df2-b25e-c4e94bb0283c	d6929858-8e5a-489c-bcc7-1002b185bcfa	3.00	\N	2025-12-01	2026-01-22 17:26:03.501207
3d4409c8-4f59-436b-8b69-3212bdf41cfd	03d64508-5d0e-4488-afa2-e850c3788b94	2.00	\N	2025-12-01	2026-01-22 17:26:03.501207
254687c6-3524-4615-b228-7e52d32da683	2299ba25-ba78-4941-aa24-3a06fa395434	3.00	\N	2025-12-01	2026-01-22 17:26:03.501207
5cf20cc4-4150-4ca1-bcc2-79534989cc79	87e3b394-ef18-4c06-9b3b-e7c3e9658d9a	3.00	\N	2025-12-01	2026-01-22 17:26:03.501207
\.


--
-- Data for Name: collateral_policy_version; Type: TABLE DATA; Schema: public; Owner: -
--

COPY public.collateral_policy_version (id, version_number, policy_text, effective_from, created_at, created_by) FROM stdin;
\.


--
-- Data for Name: member_profile; Type: TABLE DATA; Schema: public; Owner: -
--

COPY public.member_profile (id, user_id, status, created_at, activated_at, activated_by, notes) FROM stdin;
774777bb-d95f-47ed-b8d6-ed0ccf3b9a5a	03c3602c-b1a5-4b14-8c0f-07a621ff6040	ACTIVE	2026-01-22 17:26:03.501207	2026-01-20 06:33:25	\N	\N
65ebec99-4ec0-48ff-8061-2c4047740a8b	12d491a7-6d07-4257-a92b-00b1c5ddccf9	ACTIVE	2026-01-22 17:26:03.501207	2026-01-18 13:37:51	\N	\N
ad9105f7-e645-40bd-a428-3ca7f63a780a	1440e811-8fd2-43c4-9dee-6361a58d0c16	ACTIVE	2026-01-22 17:26:03.501207	2025-04-14 20:08:26	\N	\N
1fb2f313-319e-48ec-976e-33760a5d441d	1e5d93f5-b0d4-4c4a-a94a-72c17c5d0e95	ACTIVE	2026-01-22 17:26:03.501207	2025-04-20 05:52:05	\N	\N
544512b1-c26b-4d21-90bf-2fd5a643282d	250e0219-7568-4777-8ab5-4aa2a5a73402	ACTIVE	2026-01-22 17:26:03.501207	2025-04-12 06:04:59	\N	\N
8925caa6-a224-4daf-a7d6-9bd3847bff6c	267d19e7-8737-4399-a7f0-c79bd438b46c	ACTIVE	2026-01-22 17:26:03.501207	2025-03-23 07:52:56	\N	\N
13c79152-05c7-40c9-9b43-b6378ccf6344	2e6e682c-5fa1-49b9-833c-c1f1d7649ab6	ACTIVE	2026-01-22 17:26:03.501207	2025-04-11 08:45:18	\N	\N
00b2dd8e-e1da-48b7-b676-1c1eafd064c7	3038ecc0-9fcf-4772-9f01-c462b4dbecec	ACTIVE	2026-01-22 17:26:03.501207	2025-05-21 12:36:44	\N	\N
457492ee-455f-406d-98ac-b46f5ac1121a	3545fba2-2e40-448c-bd90-a769b1dd1ae4	ACTIVE	2026-01-22 17:26:03.501207	2025-08-25 07:02:37	\N	\N
1484e4c4-55f9-4ce0-b9d9-1d9169cb612d	3daa57ee-0110-47cd-8021-32de446662c6	ACTIVE	2026-01-22 17:26:03.501207	2025-04-19 12:15:05	\N	\N
335e7fa3-a4cc-441e-af07-1e6904a9a979	4efb01f3-77c0-4afc-a71a-d80278a0e1dd	ACTIVE	2026-01-22 17:26:03.501207	2025-04-11 20:19:08	\N	\N
0f7245c2-fa00-4284-b45b-9e1e9124091f	4f34d880-c302-4a10-8e4f-f58baf92c42e	ACTIVE	2026-01-22 17:26:03.501207	2025-04-12 05:42:43	\N	\N
f8b68a92-5791-4466-8f1d-607680b32794	587316b0-34cb-4f4d-bbb9-b3833fea6b17	ACTIVE	2026-01-22 17:26:03.501207	2025-04-13 05:44:14	\N	\N
8f88fb4d-7fa7-41e1-a4e8-0a289ce3df37	5cc51031-1b69-4d06-b25a-c2be712b90d8	ACTIVE	2026-01-22 17:26:03.501207	2025-04-13 19:32:17	\N	\N
4487eb81-3d9d-4b91-8872-39d4cf93bcb7	5e27933d-81fc-4ddb-a47b-a83f729b849f	ACTIVE	2026-01-22 17:26:03.501207	2025-04-22 09:31:01	\N	\N
a82aa72e-c634-4302-a356-8ef04601e0d7	5f8b8f0b-0a54-4c33-aba0-9b81b1f3b973	ACTIVE	2026-01-22 17:26:03.501207	2025-04-11 19:57:45	\N	\N
9d63ed1c-1f1b-4720-9187-764b907b9940	65422c55-badb-4353-bc84-20926093379a	ACTIVE	2026-01-22 17:26:03.501207	2025-04-21 08:54:25	\N	\N
e319630e-cadb-461e-b6b8-eba2d97171a8	6a4b2dc7-50bf-4064-9c8e-ee9da9e50525	ACTIVE	2026-01-22 17:26:03.501207	2025-12-26 07:30:01	\N	\N
22b45f63-530f-4ad8-847c-136bcdd2cf72	6d51adda-a249-4932-a60e-02a5682eb688	ACTIVE	2026-01-22 17:26:03.501207	2025-12-20 12:52:28	\N	\N
65d45567-a235-4480-95ae-5a836deefbb6	73adc4bb-1c96-4423-81f0-5f833963850d	ACTIVE	2026-01-22 17:26:03.501207	2025-04-21 12:51:18	\N	\N
5115da3a-77c9-47ae-8c6e-160c16d7cf7f	74b3f833-ea5f-47fe-8fc5-a663f0e0a9a0	ACTIVE	2026-01-22 17:26:03.501207	2025-04-11 08:56:28	\N	\N
dbd4c83d-319f-4af2-add8-49df4413b682	772035cb-6f95-4aa0-93ea-f7448f064fcc	ACTIVE	2026-01-22 17:26:03.501207	2025-04-14 06:02:11	\N	\N
19c099c1-913d-4292-9946-a757956e66e5	793e68ec-7357-4425-bdd5-9ac0a09a9eb2	ACTIVE	2026-01-22 17:26:03.501207	2025-04-13 15:52:38	\N	\N
73656fb7-edf7-4ef5-b740-ddb00c50d8fb	82a6b60a-0fe5-40c3-afa0-e8dfb346d0e0	ACTIVE	2026-01-22 17:26:03.501207	2025-04-07 13:47:37	\N	\N
e726f858-d187-4281-a8e9-53af5e87493a	863fc18c-06fe-4333-9212-0a39094c1099	ACTIVE	2026-01-22 17:26:03.501207	2025-04-14 19:19:41	\N	\N
57c9e217-c8af-47dd-9fb3-65b39cca0eb2	88c19043-4299-4c96-9118-2ef8cd902f0f	ACTIVE	2026-01-22 17:26:03.501207	2025-04-12 05:56:52	\N	\N
78c7c4e3-b64d-407d-8afc-eb0c533c5e30	8f4da3df-a841-413d-a8fe-4da8e115e9bd	ACTIVE	2026-01-22 17:26:03.501207	2025-04-15 08:18:46	\N	\N
f4da79e5-0ad9-4950-976c-2ecc5412f1cb	968f6e80-ff7e-4b66-a7d6-14dab66cc032	ACTIVE	2026-01-22 17:26:03.501207	2025-04-14 18:15:37	\N	\N
49055d34-e03b-4a58-97b6-631fd5775c38	9c46ecf4-8487-4ae3-9cad-8a37f853c999	ACTIVE	2026-01-22 17:26:03.501207	2025-04-13 06:08:51	\N	\N
83e73ca2-d205-4b32-ab64-3d0188903b25	a4c15bb9-014a-4f59-8117-22c9b59655d6	ACTIVE	2026-01-22 17:26:03.501207	2025-12-20 08:56:07	\N	\N
2df02cfa-7355-490d-8936-6f380d5bb2c2	a9ad7252-1899-41f5-a4dc-23099c0fcc5c	ACTIVE	2026-01-22 17:26:03.501207	2025-12-18 23:20:41	\N	\N
e7dbff29-0276-4d37-9497-dd1257ab2900	be7aa2c0-6643-41aa-936c-24bc0095075e	ACTIVE	2026-01-22 17:26:03.501207	2025-04-21 15:46:14	\N	\N
f30d893c-8905-4629-a554-cbbe32cd952b	c37a45bf-6068-451c-a8cf-94f4768a927a	ACTIVE	2026-01-22 17:26:03.501207	2025-04-17 14:09:34	\N	\N
3334e539-ce3f-494e-b1cb-80d76e0e070b	ca6d03b7-4964-4613-bed5-9c66bd0e4fa7	ACTIVE	2026-01-22 17:26:03.501207	2025-04-11 09:04:09	\N	\N
f5cebad7-087c-43f8-a9b2-d05e192c6583	cacba21b-7eee-4b89-9452-c04e4ba71509	ACTIVE	2026-01-22 17:26:03.501207	2025-12-28 11:32:26	\N	\N
b6c776e1-b6d1-4594-937d-a49a69e58758	d7c6b864-e3e6-44e1-ad6a-9d83b779e563	INACTIVE	2026-01-22 17:26:03.501207	\N	\N	\N
6a698bd6-05bf-4768-9b3c-56a02734ccba	e54c0542-a41a-4bad-a002-59e6d430cc31	ACTIVE	2026-01-22 17:26:03.501207	2025-04-11 09:34:24	\N	\N
e93e1ed0-ea22-4c07-aedb-a32c0bddb707	e82eb375-9146-4f90-97f8-030ef4b10dfc	ACTIVE	2026-01-22 17:26:03.501207	2025-04-11 19:03:22	\N	\N
91740673-9b22-45de-a3fc-54e8e28ea744	ea890bbd-7681-4fa9-8377-24255fc8a296	ACTIVE	2026-01-22 17:26:03.501207	2025-04-20 16:38:18	\N	\N
e449b521-3666-45ac-8dce-ee7e7a78eaaa	f98efefd-37d2-4199-8214-35d8035339ce	ACTIVE	2026-01-22 17:26:03.501207	2025-03-23 07:57:47	\N	\N
02ea6795-a7d0-45f4-b171-9d431e756e91	fb18a07a-323b-42b2-a98b-4969f6d4bd55	ACTIVE	2026-01-22 17:26:03.501207	2025-04-15 18:34:35	\N	\N
\.


--
-- Data for Name: collateral_asset; Type: TABLE DATA; Schema: public; Owner: -
--

COPY public.collateral_asset (id, member_id, asset_type, description, title_document_path, policy_version_id, created_at) FROM stdin;
\.


--
-- Data for Name: cycle; Type: TABLE DATA; Schema: public; Owner: -
--

COPY public.cycle (id, year, start_date, end_date, status, created_at, created_by, social_fund_required, admin_fund_required) FROM stdin;
fe427a5b-7944-41c7-8ea6-9896ee5d53c5	2026	2025-12-01	2026-12-01	ACTIVE	2026-01-22 17:26:03.501207	bfece7fe-a54d-4c56-867c-58eae93c3372	240.00	360.00
\.


--
-- Data for Name: journal_entry; Type: TABLE DATA; Schema: public; Owner: -
--

COPY public.journal_entry (id, entry_date, description, cycle_id, source_ref, source_type, created_by, created_at, reversed_by, reversed_at, reversal_reason) FROM stdin;
9cad3d3f-1b63-4039-a6d2-06deaf6f33d0	2026-01-22 17:26:03.501207	Initial required amounts for member e449b521-3666-45ac-8dce-ee7e7a78eaaa - Cycle 2026	fe427a5b-7944-41c7-8ea6-9896ee5d53c5	\N	cycle_initial_requirement	\N	2026-01-22 17:26:03.501207	\N	\N	\N
\.


--
-- Data for Name: loan_application; Type: TABLE DATA; Schema: public; Owner: -
--

COPY public.loan_application (id, member_id, cycle_id, amount, term_months, status, application_date, reviewed_by, reviewed_at, rejection_reason, notes) FROM stdin;
\.


--
-- Data for Name: loan; Type: TABLE DATA; Schema: public; Owner: -
--

COPY public.loan (id, application_id, member_id, cycle_id, loan_amount, percentage_interest, effective_month, repayment_start_date, repayment_end_date, number_of_instalments, loan_status, disbursement_date, disbursement_journal_entry_id, created_at) FROM stdin;
\.


--
-- Data for Name: collateral_hold; Type: TABLE DATA; Schema: public; Owner: -
--

COPY public.collateral_hold (id, loan_id, asset_id, hold_start, hold_end, release_notes) FROM stdin;
\.


--
-- Data for Name: collateral_valuation; Type: TABLE DATA; Schema: public; Owner: -
--

COPY public.collateral_valuation (id, asset_id, valuation_amount, valued_by, valued_at, notes) FROM stdin;
\.


--
-- Data for Name: role; Type: TABLE DATA; Schema: public; Owner: -
--

COPY public.role (id, name, description, created_at, is_active) FROM stdin;
814b19fc-aab6-4569-880d-7bd533e385f8	Admin	System administrator	2026-01-22 17:26:03.501207	t
1878fff1-e91d-4c8d-984d-6033a9d176d2	Chairman	Village Banking chairman	2026-01-22 17:26:03.501207	t
86ddb42f-a775-4125-9c80-1e3d04a01c2b	Vice-Chairman	Vice-chairman	2026-01-22 17:26:03.501207	t
1f39abc5-224e-4849-8052-4732306e5531	Treasurer	Treasurer	2026-01-22 17:26:03.501207	t
4a46b5f2-844b-49ea-8d48-36a76ce3f08d	Compliance	Compliance officer	2026-01-22 17:26:03.501207	t
1ae04f4f-c329-489c-b3c7-bdf9f0ba75f1	Member	Regular member	2026-01-22 17:26:03.501207	t
\.


--
-- Data for Name: committee_assignment; Type: TABLE DATA; Schema: public; Owner: -
--

COPY public.committee_assignment (id, user_id, role_id, start_date, end_date, assigned_by, assigned_at, notes) FROM stdin;
\.


--
-- Data for Name: constitution_document_version; Type: TABLE DATA; Schema: public; Owner: -
--

COPY public.constitution_document_version (id, version_number, document_path, uploaded_by, uploaded_at, effective_from, description, is_active) FROM stdin;
93bf741a-61f8-47c3-b2e7-653273141fb3	2024 3rd Edition	/Users/teddy/vm_shared/teddy/Projects/luboss-vb/uploads/constitution/constitution_2024 3rd Edition_20260123_034325_LUBOSS-95 Village Bank Constitution 2024 3rd Edition.pdf	bfece7fe-a54d-4c56-867c-58eae93c3372	2026-01-22 17:26:03.501207	\N	Amended at the meeting of	1
\.


--
-- Data for Name: credit_rating_interest_range; Type: TABLE DATA; Schema: public; Owner: -
--

COPY public.credit_rating_interest_range (id, tier_id, cycle_id, term_months, effective_rate_percent, created_at) FROM stdin;
ed6bbb7e-4527-471f-9059-8d7ce14bca8a	03d64508-5d0e-4488-afa2-e850c3788b94	fe427a5b-7944-41c7-8ea6-9896ee5d53c5	1	10.00	2026-01-24 19:17:00.798393
93b92968-d73f-4eba-b3fa-6bc53414e512	03d64508-5d0e-4488-afa2-e850c3788b94	fe427a5b-7944-41c7-8ea6-9896ee5d53c5	2	12.00	2026-01-24 19:17:00.798393
09f543d4-b190-445d-9bbf-f3c287618b59	03d64508-5d0e-4488-afa2-e850c3788b94	fe427a5b-7944-41c7-8ea6-9896ee5d53c5	3	15.00	2026-01-24 19:17:00.798393
044aad74-93b4-440f-938c-6011d25d2d34	03d64508-5d0e-4488-afa2-e850c3788b94	fe427a5b-7944-41c7-8ea6-9896ee5d53c5	4	20.00	2026-01-24 19:17:00.798393
c56c21e6-1565-40dc-8f75-67adad205b28	2299ba25-ba78-4941-aa24-3a06fa395434	fe427a5b-7944-41c7-8ea6-9896ee5d53c5	1	10.00	2026-01-24 19:17:00.798393
1b0de67f-eeff-41d4-b5a5-439f5517ca56	2299ba25-ba78-4941-aa24-3a06fa395434	fe427a5b-7944-41c7-8ea6-9896ee5d53c5	2	12.00	2026-01-24 19:17:00.798393
d74afc34-2bfd-4d6c-b88d-7701dd476ff7	2299ba25-ba78-4941-aa24-3a06fa395434	fe427a5b-7944-41c7-8ea6-9896ee5d53c5	3	15.00	2026-01-24 19:17:00.798393
bf2e1bf8-318e-4e21-8d40-2282f1e85051	2299ba25-ba78-4941-aa24-3a06fa395434	fe427a5b-7944-41c7-8ea6-9896ee5d53c5	4	20.00	2026-01-24 19:17:00.798393
58882fd1-dd52-43a1-af0d-b4d7872564b9	87e3b394-ef18-4c06-9b3b-e7c3e9658d9a	fe427a5b-7944-41c7-8ea6-9896ee5d53c5	1	6.00	2026-01-24 19:17:00.798393
616352c4-a197-4a77-a824-71888d62a4a5	87e3b394-ef18-4c06-9b3b-e7c3e9658d9a	fe427a5b-7944-41c7-8ea6-9896ee5d53c5	2	8.00	2026-01-24 19:17:00.798393
a441abcb-f8cf-4f2b-9108-afc53512b7e3	87e3b394-ef18-4c06-9b3b-e7c3e9658d9a	fe427a5b-7944-41c7-8ea6-9896ee5d53c5	3	10.00	2026-01-24 19:17:00.798393
459f078c-7568-4605-90a0-a0d11d79bb50	87e3b394-ef18-4c06-9b3b-e7c3e9658d9a	fe427a5b-7944-41c7-8ea6-9896ee5d53c5	4	12.00	2026-01-24 19:17:00.798393
\.


--
-- Data for Name: penalty_type; Type: TABLE DATA; Schema: public; Owner: -
--

COPY public.penalty_type (id, name, description, fee_amount, enabled, date_added) FROM stdin;
b8f2b2d6-b502-4986-9872-5a8863c65366	Missing meeting	Penaulty for missing meeting	50.00	1	2026-01-22 17:26:03.501207
8585ee70-7931-428a-a792-fa8efe186323	Late Loan Application	Penalty applied when a member applies for a loan outside the loan period.	50.00	1	2026-01-22 17:26:03.501207
093bf755-86c3-4c7c-8b71-1726c21bb56c	Late Deposites	Penalty applied for the late deposit of the declaration after the set deadline.	50.00	1	2026-01-22 17:26:03.501207
b97034a3-561a-44eb-ad53-21866cfa0754	Late Declaration	Penalty applied when a member fails to declare between the dates set.	50.00	1	2026-01-22 17:26:03.501207
\.


--
-- Data for Name: cycle_phase; Type: TABLE DATA; Schema: public; Owner: -
--

COPY public.cycle_phase (id, cycle_id, phase_type, phase_order, start_date, end_date, is_open, created_at, monthly_start_day, monthly_end_day, penalty_amount, penalty_type_id, auto_apply_penalty) FROM stdin;
0ef017d0-649e-4d42-b065-b9db094e5628	fe427a5b-7944-41c7-8ea6-9896ee5d53c5	DECLARATION	1	\N	\N	f	2026-01-22 17:26:03.501207	15	20	\N	b97034a3-561a-44eb-ad53-21866cfa0754	t
7ac39ff5-af86-4e57-b9a8-b34a40b796e5	fe427a5b-7944-41c7-8ea6-9896ee5d53c5	LOAN_APPLICATION	2	\N	\N	f	2026-01-22 17:26:03.501207	21	25	\N	8585ee70-7931-428a-a792-fa8efe186323	t
dd86e872-6c8e-4430-9405-ab8dfdf37eea	fe427a5b-7944-41c7-8ea6-9896ee5d53c5	DEPOSITS	3	\N	\N	f	2026-01-22 17:26:03.501207	26	5	\N	093bf755-86c3-4c7c-8b71-1726c21bb56c	t
\.


--
-- Data for Name: declaration; Type: TABLE DATA; Schema: public; Owner: -
--

COPY public.declaration (id, member_id, cycle_id, effective_month, declared_savings_amount, declared_social_fund, declared_admin_fund, declared_penalties, declared_interest_on_loan, declared_loan_repayment, status, created_at, updated_at) FROM stdin;
d69c480b-c0a5-4474-ad1c-c16d3e7dac09	e449b521-3666-45ac-8dce-ee7e7a78eaaa	fe427a5b-7944-41c7-8ea6-9896ee5d53c5	2026-01-01	5050.00	100.00	100.00	50.00	\N	\N	PROOF	2026-01-22 17:26:03.501207	2026-01-25 00:48:37.936548
\.


--
-- Data for Name: deposit_proof; Type: TABLE DATA; Schema: public; Owner: -
--

COPY public.deposit_proof (id, member_id, declaration_id, upload_path, amount, reference, cycle_id, uploaded_at, status, treasurer_comment, member_response, rejected_at, rejected_by) FROM stdin;
667c2943-6ccc-48f9-89a3-4ee0a7fe0664	e449b521-3666-45ac-8dce-ee7e7a78eaaa	d69c480b-c0a5-4474-ad1c-c16d3e7dac09	/Users/teddy/vm_shared/teddy/Projects/luboss-vb/uploads/deposit_proofs/deposit_d69c480b-c0a5-4474-ad1c-c16d3e7dac09_20260125_074837_ted1769322484493.pdf	5300.00	Transaction Ref.No. 17693223712883	fe427a5b-7944-41c7-8ea6-9896ee5d53c5	2026-01-22 17:26:03.501207	submitted	\N	\N	\N	\N
\.


--
-- Data for Name: deposit_approval; Type: TABLE DATA; Schema: public; Owner: -
--

COPY public.deposit_approval (id, deposit_proof_id, journal_entry_id, approved_by, approved_at, notes) FROM stdin;
\.


--
-- Data for Name: document_chunk; Type: TABLE DATA; Schema: public; Owner: -
--

COPY public.document_chunk (id, document_name, version, chunk_text, chunk_index, page_number, metadata, created_at) FROM stdin;
9713ec50-8ba8-43a2-9c6f-bc63160f5fcf	constitution	2024 3rd Edition	0 | P a g e  \n \n0 | P a g e  \n \n \n2024 - 3RD EDITION  \nLUANSHYA BOYS SECONDARY SCHOOL - 95 (LUBOSS -95) \nVILLAGE BANK CONSTITUTION  \n \n“Financial  freedom through  savings and  unity”	0	1	{"section": "auto"}	2026-01-22 17:26:03.501207
0ab34a4c-5eef-45c7-8a5d-79ad91d8357e	constitution	2024 3rd Edition	3rd Edition  \n1 | P a g e  \n Contents  \nClause 1 .  NAME AND MOTTO  ................................ ................................ ................................ ..................  2 \nClause 2.   ASSOCIATION CONSTITUTION AND OPERATIONS  ................................ ................................ .. 2 \nClause 3.  OBJECTIVE OF THE ASSOCIATION  ................................ ................................ ............................  2 \nClause 4.       RELATIONSHIP TO EXTERNAL FINANCIAL SERVICES  ................................ ...............................  2 \nClause 5.  MEMBERSHIP OF THE ASSOCIATION  ................................ ................................ .......................  3 \nClause 6.  EXECUTIVE/MANAGEMENT COMMITTEE  COMPOSITION  ................................ ......................  3 \nClause 7.  ELECTION PROCEDURES  ................................ ................................ ................................ ...........  4 \nClause 8.   OFFICE BEARER REMOVAL FROM EXECUTIVE POSITION  ................................ .......................  5 \nClause 9 .  DEALING DATES  ................................ ................................ ................................ ........................  5 \nClause 10.     ASSOCIATION MEETINGS  ................................ ................................ ................................ .........  5 \nClause 11 .    MEMBERS LEAVING THE ASSOCIATION  ................................ ................................ ..................  6 \nClause 12.     EXPULSION FROM THE GROUP  ................................ ................................ ................................  6 \nClause 13 .   SERVICES OFFERED BY THE GROUP  ................................ ................................ ..........................  7 \ni.     Savings  ................................ ................................ ................................ ................................ ...............  7 \nii. Lending  ................................ ................................ ................................ ................................ ..............  7 \niv. Saving and bor rowing cycle  ................................ ................................ ................................ .............  7 \nv. Loan Interest  ................................ ................................ ................................ ................................ ..... 8 \nClause 14 .        LOAN AND GENERAL PENALTIES  ................................ ................................ ..........................  8 \nClause 15 .  SOCIAL AND ADMINISTRATIVE FUND  ................................ ................................ ..................  9 \nClause 16.   DECISION MAKING  ................................ ................................ ................................ ...............  9 \nClause  17. MEMBER REGISTRATION AND LOAN RISK MANAGEMENT INFORMATION  .....................  10 \nClause 18 . CONSTITUTION REVIEW  ................................ ................................ ................................ ..... 11 \nAnnex I : LUBOSS 95 SAVING DECLARATION FORM ................................ ................................ ...............  12 \nAnnex II : LUBOSS 95 LOAN APPLICATION FORM  ................................ ................................ ..................  12 \n \n \n \n \n \n \n \n3rd Edition  \n2 | P a g e  \n Clause 1.  NAME AND MOTTO  \n(i) The name of the association shall be  LUANSHYA BOYS SECONDARY \nSCHOOL -95 (LUBOSS 95) ASSOCIATION VILLAGE BANK   \n(ii) The association abbreviated name shall be  LUBOSS -95 AVB   \n(iii) The motto  of the association shall be; ” FINANCIAL FREEDOM  \n     THROUGH SAVINGS AND UNITY”  \nClause 2.   ASSOCIATION CONSTITUTION AND OPERATIONS  \nThis is the constitution of a Village Bank  formed for the Luanshya Boys Secondary School \n-1995 Alumina and its friends.  \nThe constitution shall govern the LUBOSS -95 AVB  operations to administer and  recover \nall the outstanding loans from the members at the end of every 12 months’ saving cycle, \nand the Loan fund shall be  shared out  among members . The loan fund  which  shall include  \nprofits  (Interest)  and savings made by members during the cycle shall be divided \nproportionately among club  members  in accordance with the amounts saved . Interest \nshall be given proportionately monthly according to member’s monthly book balances . All \nmembers shall  save a minimum  of ZMW 200.00 every  month and t here shall be no upper \nlimit on amounts to be saved by members.   \nClause 3.  OBJECTIVE OF THE ASSOCIATION   \nThe purpose of the Group is to be an independent, consistent, provider of financial \nservices to its  Members . The Group will aspire to review the viability, functions and \noperations of the group after a year, and realign with necessary opportunities and \nrelevant legal provisions to ensure  legitimization, compliance and security . The objective \nof the group is to provide the following services to its members :  \ni. Provide a platform for its members to save   \nii. Provide loans to its members  at low interests  \niii. Provide a platform for networking, business and investment opportunities , \niv. Provide social support to its members  and their families in times of difficulties.   \nClause 4.  RELATIONSHIP TO EXTERNAL FINANCIAL SERVICES   \nThe Group shall open a Village banking Account with Zambia National Commercial Bank \n(ZANACO) BUT shall not borrow from  the bank during the saving cycle. This relationship \nis in recognition  that Luboss -95 Village Bank shall  need to deposit its  monies in  the \ndesignated Bank Account during the cycle.   \nThe group  can invest its funds or part of its funds with a financial institution  at the \nrecommendation of its  members for the purposes of growing the groups’ funds. The \ninvestment can be made in money instruments such as treasury bills or government \nbonds.  \n3rd Edition  \n3 | P a g e  \n Clause 5.  MEMBERSHIP OF THE ASSOCIATION   \n(i) Membership is open but limited to all the Luanshya Boys Secondary School  \n(LUBOSS) alumina,   \n(ii) Membership is open to all LUBOSS alumina within Zambia and in the diaspora  \n(iii) The group shall have the Village Banking minimum requirement of 3  members but \nno maximum  members  of membership   \n(iv) Every member shall provide the assigned p df of the Name, NRC number,  contact \nnumber and address of the next of  kin to be kept by the secretariat  for each \nbanking cycle . \nClause 6.  EXECUTIVE/MANAGEMENT COMMITTEE  COMPOSITION  \nThe committee shall be composed of  seven (7) members as follows : \n(i) Chairperson  \n(ii) Vice chairperson  \n(iii) Secretary   \n(iv) Treasurer  \n(v) Three (3)  Committee Members  \nChairperson  \na) The Chairperson shall superintend  over the Association in as far as constitution, \ndirection, meetings and calendars  and the Bank account  of the association .  \nb) He shall  consult with the vice chairperson and the committee regularly  (Quarterly) ,  \nc) He shall call for emergency meetings in case of bereavement or difficulties by any \nmember.  He shall sue defaulters on behalf of the association ,  \nd) He shall be the custodian of the constitution and be responsible for its review at \nthe end of each cycle.  \nVice Chairperson  \na) The V ice Chairperson shall assist the chairperson in his roles and take over the \nchairmanship in the absence of the chairperson even to complete a term of office \nin case of a vacancy in chairmanship.  \nSecretary  \na) The secretary shall be the custodian and responsible for updating of the members \nregister with their details,  \nb) He shall call and set monthly meetings of the Association  \nc) He shall circulate the agenda for the meet ings in consultation with the chairperson  \nand the committee ,  \nd) He shall record, document and circulate all resolutions of both the committee and \nthe association . \n3rd Edition  \n4 | P a g e  \n Treasurer  \na) The treasurer is responsible for all account records and documents of the \nassociation  \nb) He shall set the dates for declaration, loan application, declaration deposit and \nloan payouts every month  \nc) He shall update the accounts books according to the declaration deposits and loan \npayouts every month  \nd) He shall calculate interest earned by members every month and update the \naccounts according  \ne) He shall present the accounts records and documents in meetings  \nf) He shall be responsible for raising end of cycle payouts  \nCommittee Members  \na) Shall be available for all meetings  \nb) Shall be available for act in the role of the chairperson, vice chairperson, \nsecretary, and treasurer when appointed by the committee.  \nc) Shall undertake any responsibility assigned by the committee  \nClause 7.  ELECTION PROCEDURES   \n(i) Members will get into management positions through elections, h owever can \nonly serve a  maximum of two (2) terms concurrent terms in a specific position.   \n(ii) Each term shall run for period of two (2) years  \n(iii) Election of management positions will occur at the end of second (2)  cycle of \neach committee .  \n(iv) Every two (2) years office bearers will be elected,   \n(v) Elections shall be held every 2 8th December from 06:00 to 18:00 Hrs every \nafter two (2) years \n(vi) An independent election body of three (3) members shall be nominated by the \nLUBOSS  -95 Finance gro up general membership to spear head and conduct \nelections  \n(vii) The Independent Electoral  Body shall be nominated on the 2 6th December  and \nshall dissolve after executive or management committee elections on 2 8th \nDecember every  two (2)  years. \n(viii) Elections shall also be called when four (4) of the  seven committee members \nare vacant . \n(ix) Eligibility Criteria  \na) been a member of the Luboss -95 Village Bank at least for a 1 year: Take note \nthat while membe rship is open to every LUBOSS  alumni, leadership is closed \nto only those that have been exemplary in the previous financial cycle,  \nb) not defaulted in declarations, depositing and  repayment of loan,  \n3rd Edition  \n5 | P a g e  \n c) at least borrowed 5 or 6 times to grow the funds in the previous financial \ncycle,  \nd) at least attended 8 -12 meetings in the previous financial cycle,  \nClause 8.  OFFICE BEARER REMOVAL FROM EXECUTIVE POSITION  \n(i)  A member of the Association may, at any time, for a given reason request \na vote of no confidence against a member of the Management Commit tee  \n(ii)  The Committee member must resign if the majority of members decide \nto remove him . \n(iii)  An election shall not be  required to fill the vacant position  unless four \nvacancies exist in the committee  \nClause 9.  DEALING DATES  \nThe following shall be observed as the Luboss -95 Village Banking dealing dates every \nmonth;  \ni. 15th to 19th  -  Saving declarations by all members , \nii. 20th to 24th  -  Loan applications  by all members , \niii. 25th to 5th   -  Funds deposit by all members,  \niv. 1st to 5th  -    Loan pay out by the treasurer and signatories . \nNOTE:  Using a savings declaration form provided, every member shall declares in \nadvance what they want to save for the month and then deposit that amount during \nthe deposit dates.  Declaration can be made on the declaration form in Annex I or \ndeclaration section on the vluboss95.com p latform. The declaration should  be posted \nto the group whatApps forum.   \nOnce declaration are closed, those who want to take up loans based on and within \ntotal amounts declared, can apply in advance  using loan application form in Annex \nII or Loan application  section on the vluboss95.com pl atform. The loan application \nshould be posted to the group whatApps forum.   \nCash then will be deposited into the bank by all declarants and then loan issued \ncentra lly from the bank.  \nClause 10.   ASSOCIATION MEETINGS   \n(i)  The group shall primarily utilize the whatsApp group formed for purposes of \ncommunication  due to the diverse spread of the membership inside and outside \nthe country.  \n(ii) Issuance of loans, loan repayments,  calculation of interest and all matters related \nto the effective running of the group shall be discussed on the said whatsapp \ngroup.   \n3rd Edition  \n6 | P a g e  \n (iii) The Executive or management committee shall meet shall convene for \nemergency meetings when situations demand,  \n(iv) The Luboss -95 Village Bank shall meet for every month for transaction and \nbusiness discuss every Thursday immediately after the 5th of the month at 20:00 \nhrs (CAT). Every member shall be required to attend this meeting  \n(v) Treasurer and Secretary shall undertake to timely avail the group with formal \nreports and minutes following the discussion by members every immediately or \na day after the meeting  \n(vi) The Group will conduct a share -out once a year at the designated dates betwe en \n1st to 5th  December and a meeting shall be convened to review the business of \nthe year,  \n(vii) Every meeting should have an agenda  posted in advance.  \nClause 11 .  MEMBERS LEAVING THE ASSOCIATION  \nA member shall only leave the group on either one of three circumsta nces other than \nnatural causes:  \n(i) Loss of income (with evidence) which would lender them unable to conduct \ntransactions with the group.  \n(ii) A member who leaves the group pays their running loan outstanding balance in \nfull, gives one (1) month notice after which they receive their shares saved up \nless any loan or service charge they may still owe. Any interest payable to such \na member shall be paid to them at the end of the cycle.   \n(iii) Or in the event of death in case which their dues should be paid to the ir next of \nkin. The next of kin shall receive the deceased members shares saved up less \nany loan or service charge that the deceased member may still owe.  Any \n2interest payable to such a member shall be paid to the next of kin at the end \nof the cycle.  Payout to the Next of Kin shall include interest earned computed \nprorated as per period saved.  \n Clause 12.   EXPULSION FROM THE GROUP   \nA member shall  be expelled from the Group for the following reasons :  \n(i)  If the member fails to pay principal  and interest on loan twice (2 months)   \n(ii)  If the member fails to contribute towards their monthly savings for 2 \nconsecutive months.   \n(iii) If the member fails to pay back the loan at share out time.   \n(iv)  If a member is rude, fails to behave in a mature manner and ad here to the \nconstitution.   \nA member expelled from the group will clear any outstanding loan using their shares and \nwill not  be entitled to share in any profits/interest.   \n3rd Edition  \n7 | P a g e  \n Clause 13. SERVICES OFFERED BY THE GROUP   \ni. Savings   \na. Each member should ensure that the ir savings are made available on the set  date. \nb. If a member dies during the savings cycle, their total savings and prorated interest  \nshall be paid to their next of kin net of any loans owed.   \nc. The savings contributions must be recorded at every month   \nii. Lending   \na. By virtue of belonging to the group, each member shall be required to  borrow \nin each cycle at least 4 times minimum.  \nb. A member who doesn’t borrow at least once in three months shall have 5% of \ntheir savings surcharged as owing   \niii. Leading Risk Rating  \nThe maximum amount that anyone can borrow is three times the value of their \nshares and the following credit rating shall apply:  \na.  Very High Risk  \nA member who doesn’t borrow at least once in three months shall have 5% of their \nsavings surcharged as ow ing  Can borrow up to amount saved  \nInterest rate applied will be premium rate (+2% above normal rate)  \nRepayment period should not be more than two month  \nb. High risk  \n Can borrow up to amount saved  \n Interest rate applied is premium rate (+2% above normal rate)  \nc. Moderate  \n Can borrow up to up to amount saved.  \n Normal interest rate to be applied.  \n Repayment period according to his loan type  \nd. Low risk  \n Can borrow up to 2 times his savings.  \n Normal interest rate to apply  \n Repayment period is as per loan type  \ne. Very low risk  \n Can borrow up to 3 times his savings.  \n Interest rate can be negotiated (2% less than the normal interest rate where \namount applied is above K20,000)  \n Repayment period is as per loan type  \niv. Saving and borrowing cycle  \na. The month of October  shall the last month for savings while November shall be \nfor the loan repayments and recoveries for the cycle up to the 5th  December ,   \n3rd Edition  \n8 | P a g e  \n b. All loans will be paid in equal or more instalments on a monthly basis. A member \nmust repay current loan before collecting another . No two (2) loans can \nrun side by side unless there is consensus in the group.  \nc. Loan repayments d ue in at every end of the cycle  must be made at least 5 days \nprior to the  share payout meeting.  \nd. The Associations’ b usiness shall continue in the month of December with lo an \nborrowings after payout and savings for the new cycle.  \nv. Loan Interest  \n(i) Loan Interests are as follows:  \na. 1 month at  10% \nb. 2 months at 15% \nc. 3 months at 20% \nd. 4 months at 25%  \n(ii) Threshold Interest reductions  \na. Two percent (2%) interest reduction if member has borrowed  more than \nK25,000 on the third borrowing going forward  \nb. Four percent (4%) interest reduction if member has borrowed more than \nK50,000 on the third borrowing going forward  \n \nInterest Type  1st Month  2nd Month  3rd Month  4th Month  \nNormal Interest  10% 15% 20% 25% \nK25,000 Threshold       8% 12% 16% 20% \nK50,000 Threshold       6% 9% 12% 15% \n \nClause 14. LOAN AND GENERAL PENALTIES   \nAll loan repayments and savings are due on 25th to 5th of every month ly dealing cycle . \nThere will be no grace period  given, any monies  received subsequent to the meeting will \nbe subject to the above penalties.   \nHowever, members can send their monies up to a week before the meeting to the groups’ \nbank account with ZANACO .  \n(i) There shall be further the following Penalties regarding;  \n(a) K50 for failure to make monthly declarations,  \n(b) K50 for f ailure to make declaration within the announced dates,  \n(c) K50 for f ailure to make deposits of declared amounts within the announced dates,  \n(d) K50 for f ailure to timely deposit within the announced da tes, \n(e) K50 for m issing announced meetings except of natural disasters, medical \nemergencies, accidents, being a victim of a crime or loss of loved one,  \n(f) K50 for emergency loan applications  \n3rd Edition  \n9 | P a g e  \n (g) K50 for office bearer’s failure to carry out constitu tion duties , \n(ii) LOAN LIMITS : A group member can only take out maximum of three (3) times what \nhe has saved on the group.  \n(iii) Failure to repay a loan  up to share out time  will result in the loan being recovered \nfrom the member’s savings . Any loan recovered from members shares will result \nin loss of interest on those shares.   \n(iv) LOAN DEFAULTING : A group member  consistently  defaulting on two occasions \n(two consecutive months) shall be suspended from the group  he/she fails to  pay \nback his /her loans by the 3rd month shall be expelled from the group  and step (v) \nbelow shall be implemented .  \n(v) If the defaulting member ’s saving cannot cover the loan , additional action will be \ntaken which may include legal action, engagement of bailiffs, possession of member’s \nassets and ot her redress that group may deem necessary.   \n(vi) If a member dies and has an unpaid l oan, the deceased will forego their savings,  even \nafter this, the loan has a balance, it will be considered as a bad debt.  \n(vii)PAYOUT : At the end of each annual cycle there shall be a payouts of each member’s \nsavings plus their interests less 10% of their savings which shall be taken to the next \ncycle as their opening balance.   \nClause 15 .  SOCIAL AND ADMINISTRATIVE FUND   \nSocial and Administrative monthly contribution fees sha ll be K50 put together as one \namount. Every member shall be required  to contribute a social  and administrative  fund \namount of K50 every month;  K20 shall be for social fund and K30 shall be for \nadministrative purposes. The fund  will be used to address the following;   \ni.        To support members in distress (i.e. during illness,  funerals etc.)  \na. K1,000 funeral grant for a member or their spouse,  \nb. K500 funeral grant for members’ child, or parent,  \nc. K500 funeral grant for hosting a family funeral.   \nii. To cover for the g roups day to day costs of running the group , \niii. For monthly Administrative allowance for the executive committee members  \niv. Every year at the end of cycle this monies shall be invested into the next cycle,    \nv. This money shall be none refundable to any member when the leave the group,  \nvi. To be sha red by the group equally  among members when the group dissolves,  \nClause 16 .  DECISION MAKING   \nA decision can be made at a savings meeting or the WhatsApp group when a quorum of \n50% +1 people is formed and votes are passed and agreed on by 50% + 1 members  \nin attendance of an official meeting i.e . an announced meeting . If on the \nWhatsApp group 50% + 1 members  of the  present members but choose not to respond \nthe “WhatsApp read by” information will be used to determine that the quorum was \nformed.  \n10 | P a g e  \n \n10 | P a g e  \n Clause  17. MEMBER REGISTRATION AND LOAN RISK MANAGEMENT  INFORMATION   \n(i) Every new memb er shall be required to submit the following details to the executive committee secretary  as set \nout in the table below;  \nNo Member Name  Member NRC  Cell Phone \nNO Name of \nNext of Kin  NRC Phone No.  \n1       \n2       \n3       \n4       \n5       \n6       \n7       \n8       \n9       \n10       \n11       \n12       \n13       \n14       \n15       \n16       \n17       \n18       \n19       \n20       \n21       \n22       \n(ii) Every member should submit a copy  of the ir NRC/driving license/passport  to the executive committee secretary,  \n(iii) Loans shall require that a loan agreement form  (Annex II ) be completed by the borrower and submitted to the \ngroup whatsApps forum for the attention of group members . \n11 | P a g e  \n \n11 | P a g e  \n Clause 18. CONSTITUTION REVIEW  \nThis constitution shall be subject to review a month before the elections of the next \nexecutive or management committee elections. The review shall be chaired by the current \nchairperson and the executive  with the general membership of th e LUBOSS - 95 financial \ngroup.   \n \n \n \n \n \n \n \n \n \n \n \n \n \n \n \n \n \n \n \n \n \n \n \n3rd Edition  \n12 | P a g e  \n Annex I: LUBOSS 95 SAVING DECLARATION FORM  \nNAME OF SAVER   \nDATE OF SAVING DECLARAION   \nEFFECTIVE MONTH   \nSAVINGS AMOUNT   \nSOCIAL FUND   \nADMINISTRATIVE FUND   \nPERNALTIES   \nINTEREST ON LOAN   \nLOAN REPAYMENT   \nTOTAL AMOUNT PAID   \nThis declaration form to be found on the vLuboss.com saving section.  \n \nAnnex II: LUBOSS 95 LOAN APPLICATION FORM  \nNAME OF APPLICANT   \nNRC NUMBER OF APPLICANT   \nPHYSICAL ADDRESS OF APPLICANT   \nDATE OF  LOAN APPLICATION   \nEFFECTIVE MONTH   \nLOAN REPAYMENT DATE   \nNUMBER OF INSTALMENTS   \nPERCENTAGE INTEREST   \nLOAN AMOUNT   \nTOTAL OWING   \nI, the above applicant make this loan application and promise to abide and be bound \nby the terms and conditions herein this constitution.  \nThis Loan  form to be found on the vLuboss.com loan application  section.	1	1	{"section": "auto"}	2026-01-22 17:26:03.501207
\.


--
-- Data for Name: document_embedding; Type: TABLE DATA; Schema: public; Owner: -
--

COPY public.document_embedding (id, chunk_id, embedding, model_name, created_at) FROM stdin;
fc865b94-0953-4cb5-81b4-579e405da166	9713ec50-8ba8-43a2-9c6f-bc63160f5fcf	[0.035377525,-0.02940687,0.05155967,0.046035424,0.033396605,-0.010643948,-0.012910844,0.042771094,-0.019418579,-0.031471487,-0.0076865205,-0.03931146,-0.036298234,-0.008607229,0.019195376,0.024691727,0.021287896,0.025082331,0.019976584,0.061826967,0.029490571,0.0048860325,-0.017507412,0.019906832,-0.00463493,-0.041013375,0.024147673,-0.011181028,-0.009304736,-0.034735817,0.019934732,-0.040790174,0.00025567968,0.042185187,-0.015135889,0.028820965,0.012541166,-0.010183593,0.0002855417,-0.037637446,-0.0057579153,-0.028458262,0.016893605,-0.005008096,0.00880253,0.009751139,0.028109508,-0.0070378394,0.011704157,0.01834442,-0.0074493685,-0.00014135403,-0.0032503798,0.048825447,-0.017298158,-0.051838677,-0.015972897,0.02834666,-0.04251999,-0.00820965,-0.011348429,0.027677054,0.040120568,0.023143262,-0.0024395287,-0.052898884,-0.022599207,-0.0038118726,-0.017786413,-0.012178462,-0.0014133224,0.019348828,0.036019232,-0.0032399173,-0.014703435,-0.008244526,-0.037860647,-0.009674414,0.019320928,-0.005747453,0.004240839,0.013908277,-0.030690283,0.040929675,0.0042338637,-0.045142613,-0.03177839,0.07047605,-0.02406397,-0.0050883093,-0.0435802,-0.019892883,-0.05256408,0.026407592,0.024189522,-0.018735021,-0.0047883815,-0.029685872,-0.00064519345,-0.020911243,0.012931769,-0.024496425,0.021329746,-0.017507412,0.00028663155,0.05128067,0.004770944,-0.041710883,-0.017800363,-0.018107267,-0.14374211,0.016168198,0.037497945,0.061659567,0.061882768,-0.015693894,-0.0024098847,-0.038920857,-0.005747453,-0.034652118,-0.004962758,-0.06880203,0.05981815,-0.03585183,0.04458461,-0.032531697,-0.03049498,-0.012380739,0.017842215,-0.013817602,0.05764193,-0.008614204,-0.018860573,-0.024370873,-0.0007057893,0.013803652,0.01752136,0.00066655455,-0.0541823,-0.018400218,0.040064767,0.01301547,-0.015149839,-0.008551428,0.00014800215,-0.00024238348,-0.026644744,-0.00880253,-0.017284209,-0.030634481,-0.0011194978,-0.021148395,-0.0071424656,-0.00025023043,-0.023645466,-0.027077198,0.025765887,0.048406944,-0.017967764,0.009004808,0.03127619,-0.0017228408,-0.018093316,-0.018177018,0.026881896,-0.005077847,-0.019237226,-0.055493608,-0.109927006,-0.009520963,0.004732581,-0.018623421,0.027621254,-0.021022843,0.004701193,-0.015386991,-0.024217423,-0.012290062,-0.016949406,-0.026616845,0.00018614702,0.028430361,-0.014689485,0.011571631,-0.026561044,0.012764367,0.037916448,0.016712254,0.0019198863,0.01753531,-0.025319483,0.018358368,0.03481952,0.011132202,0.060543556,-0.005925317,0.030299678,0.0326712,-0.022529457,-0.001765563,-0.05881374,0.01845602,-0.04037167,0.01034402,-0.00980694,-0.027077198,-0.019000074,-0.014940587,-0.00433849,-0.02169245,0.06221757,0.006884388,0.026588945,-0.04821164,0.004219914,-0.014815036,-0.027704954,0.004673293,0.009611638,0.01417333,-0.016405351,0.00812595,0.022250455,0.035265923,0.032196894,0.07103405,0.00029382456,0.0271609,-0.022543406,-0.03696784,0.02185985,-0.026895847,-0.017632961,0.0039932244,-0.0075818948,-0.012422589,0.02628204,0.006057843,-0.036381934,0.037804846,-0.034735817,0.014312832,-0.04118078,0.06316618,0.023059562,-0.0039164983,0.015261441,0.015777595,0.011404229,0.02628204,0.0433012,0.036939938,0.030997185,-0.05688862,-0.051782876,-0.021050744,-0.012150561,0.0044535785,0.0655656,0.011634407,-0.011062452,-0.017326059,0.014842936,-0.048379045,0.013964078,0.054266,-0.00979299,0.046370227,-0.007100615,-0.016963355,-0.016070548,0.01260394,-0.0131549705,-0.035321724,-0.08046434,-0.0052870987,-0.015986847,0.023812868,0.014424432,0.026393643,-0.0031440102,-0.0010279501,-0.040008966,0.04899285,0.04466831,0.059371743,0.01745161,0.020813592,0.055995815,-0.0326154,0.038586054,-0.03356401,-0.017158657,0.023296714,-0.0007062252,0.009925516,-0.0013278779,-0.061882768,0.034735817,0.06422639,0.03682834,-0.009004808,-0.034317315,0.02929527,-0.027523603,0.031304087,0.044417206,0.028388511,0.021538997,-0.009221035,0.029267369,0.010065017,0.0025092792,-0.0075609693,-0.030271778,-0.008042249,0.008886232,0.021343697,0.0016103679,0.013224721,0.04140398,-0.0052452483,0.05638642,-0.0068251,0.029016266,0.008132924,0.04251999,0.021371596,0.03155519,-0.02502653,-0.0051231845,-0.012903868,-0.029183667,0.028848864,-0.051308572,-0.026965598,0.09993872,0.029239468,-0.019823132,-0.03699574,-0.023240913,-0.012687641,0.0022302768,-0.0326433,-0.019251177,-0.041264478,0.03599133,0.03847445,0.030048575,0.018190967,0.0008370077,-0.028932566,0.00036030565,0.035098523,-0.006120619,-0.045226317,0.045226317,-0.01413148,0.0009983061,0.03933936,0.013287497,-0.022250455,0.03554493,0.037609544,-0.036465634,0.037776947,0.0046384176,0.0046000546,0.010051067,-0.032810703,0.0010514909,-0.03618663,0.017061006,0.036409833,0.0011168821,-0.0066193356,0.018079367,0.04118078,0.030746082,-0.004136213,0.05303839,-0.013350273,-0.01954413,0.005409162,0.056972325,0.01856762,0.022124903,0.025472933,0.09011783,-0.004307102,-0.060431954,0.00651471,0.038669754,-0.038641855,0.03995317,-0.023771018,0.018623421,0.04812794,0.013894328,0.003300949,-0.016851755,0.034596317,0.005165035,-0.018135166,0.027133,0.0541823,-0.012157537,0.0024342975,-0.018135166,0.010253344,-0.003480557,-0.048490644,-0.008544453,-0.016670402,0.014270981,-0.047430437,-0.012617891,-0.011871559,-0.023659417,-0.007132003,-0.011718107,-0.02400817,-0.026630795,-0.028988367,0.0326712,0.04472411,-0.007728371,-0.024621977,-0.0057195523,-0.035349626,-0.013964078,-0.036465634,-0.0023732656,0.034205712,0.027886307,-0.01146003,-0.016028697,-0.034596317,0.023282764,-0.018135166,0.014968487,0.08933662,0.009465162,-0.031108785,-0.0036549335,-0.05560521,-0.0029330144,-0.02183195,0.005663752,0.006483322,-0.008865306,0.010169643,0.017619012,0.0006072665,-0.010657898,0.05563311,0.03802805,-0.041571382,0.013538599,-0.0033881373,0.01834442,0.01866527,0.030829784,-0.014047779,0.0066576987,-0.011829709,-0.003696784,-0.0031440102,0.016740154,0.015010337,-0.011746008,-0.0052278107,-0.022599207,-0.0012476646,-0.034233615,0.03627033,-0.03370351,-0.018679222,0.031750493,-0.0010828787,-0.023547817,-0.06271978,-0.010567222,-0.011069426,-0.023492016,-0.027718905,0.006239195,0.04215729,-0.055298306,0.004017637,0.020506687,0.05005306,0.019083776,-0.01634955,-0.048713848,-0.054293897,0.015610193,-0.019572029,0.0033061802,-0.05775353,0.00067701715,0.04450091,-0.048379045,0.051671274,0.028625663,-0.046900332,-0.0069925017,-0.040064767,0.011641382,0.060487755,-0.015721794,0.0012310988,0.010490497,-0.001453429,0.019027974,0.021818,0.034512617,0.028137408,-0.013301447,-0.0039025482,0.00083875144,-0.0054440373,0.0001602085,-0.003487532,0.0054963506,0.008983882,-0.007993423,-0.04670503,-0.0053045363,-0.0033515182,-0.0025441546,-0.020116085,0.040929675,0.027663104,0.012855043,0.005960192,0.002601699,0.0070483023,0.0029469645,-0.020520639,-0.008670005,0.017619012,0.0012991057,-0.029853273,-0.056916524,-0.0060404055,0.026184391,-0.01855367,-0.015526492,0.007895772,0.019348828,-0.0059427544,0.014856886,-0.037665345,-0.024510374,-0.01958598,-0.02297586,0.00764467,-0.0011787858,0.017870113,-0.03035548,0.0031335475,0.035656527,-0.001452557,-0.011655332,0.02946267,-0.014368632,0.022222554,0.023561766,0.022724759,-0.02937897,0.011369354,-0.0032102733,0.009611638,0.004031587,-0.0034823008,-0.05128067,0.019934732,-0.006821613,-0.021538997,0.015345141,-0.04140398,-0.034596317,-0.005747453,-0.032029495,0.040873874,-0.00980694,0.0042129387,0.014717385,0.03521012,-0.009946441,0.004708168,-0.03813965,0.029741673,-0.03939516,-0.0013828065,0.024663826,-0.005761403,0.020143986,-0.018023565,-0.023031661,0.021092594,0.005688165,-0.022947961,-0.003255611,-0.005297561,0.0057265274,-0.0015510799,-0.035265923,-0.00929776,0.016475102,0.039534662,0.012882943,0.0026139054,-0.017284209,0.016600652,0.0066437484,-0.004865107,0.059594948,-0.023031661,-0.014396532,-0.005499838,0.043022197,0.004777919,0.031108785,0.021036793,-0.011306579,0.0051231845,0.054740302,-0.014647635,-0.0049313703,-0.039562564,-0.022389956,-0.04028797,-0.0098627405,-0.00546845,0.028960466,-0.002080313,-0.0001900705,0.014968487,0.037163142,0.054991405,0.0131340455,-0.021176293,0.019390678,-0.023059562,-0.011780883,0.015149839,0.0035346136,-0.03127619,0.021287896,0.025333432,-0.0041745757,-0.022613158,0.0028737264,-0.0055103004,0.02070199,-0.00041872181,-0.0125620905,-0.01247839,-0.020088185,0.025472933,0.041961987,-0.016196098,-0.01621005,-0.0016304213,-0.027774705,-0.02406397,-0.009590713,0.020911243,-0.0034561441,0.029574271,-0.019488329,-0.028165309,-0.024524326,0.0043873154,-0.008969933,-0.047458336,0.015359091,-0.018651322,0.010860175,-0.014480233,-0.00880253,0.023729168,0.0044779913,0.0035049696,0.023366464,0.014717385,0.0074563436,0.0072052414,-0.0017019156,0.027481752,0.031192487,-0.010051067,0.002219814,0.0061345687,0.05758613,0.011383304,-0.005433575,-0.122872725,-0.0021151882,-0.008425877,0.008397977,0.011041527,-0.06617941,0.017619012,-0.04876965,0.010685798,0.009946441,-0.014787136,0.022766609,0.04776524,-0.01089505,0.041794583,-0.00081869814,0.01411753,0.008446802,-0.05010886,-0.013817602,-0.015986847,0.001170067,0.0057125776,0.010260319,-0.013189846,-0.029351069,-0.01196921,0.00024325536,-0.012401664,-0.0069855265,0.018469969,-0.015693894,0.01308522,-0.0023767531,0.023673367,-0.017228408,0.026561044,0.011292629,0.037358444,-0.00519991,-0.013552549,-0.0042373515,-0.02282241,-0.0020018434,0.022180704,-0.03476372,0.004003687,-0.03468002,0.03481952,-0.008670005,0.006176419,-0.019962633,0.012750417,0.033591907,-0.012687641,-0.022655008,-0.050025158,0.003658421,0.04137608,-0.0049522957,0.037860647,0.0005998555,0.0044152155,0.00085662503,0.0151637895,0.015010337,0.00029556834,-0.06288718,-0.04140398,0.021190245,0.0077911466,0.0010462597,0.009472137,-0.021622699,-0.015665993,-0.010804374,0.030076476,0.020032384,0.008942032,-0.00053097674,-0.011780883,0.01734001,-0.0044675283,0.0057021147,-0.0076934956,-0.0017620756,-0.06210597,0.0052173478,0.020269535,0.0038502354,-0.038669754,0.008907157,-0.01756321,-0.025751937,0.032141097,0.023547817,0.0216506,-0.013922228,-0.098655306,0.03911616,0.011787858,0.034038313,-0.0055207633,0.008223601,0.00011726826,-0.0022721272,-0.010295195,-0.013964078,-0.009276835,-0.039813664,0.03512642,-0.010734623,0.024412723,-0.0071215406,0.049746156,0.02278056,-0.010832274,0.026184391,-0.012457465,-0.024189522,0.011439105,0.0028039757,-0.07075505,-0.010302169,0.004833719,0.05206188,0.004404753,-0.0019129113,0.02064619,0.033285007,-0.008781605,-0.021092594,-0.044891514,-0.01530329,-0.054740302,0.0067727873,-0.0022843336,-0.003302693,0.011550706,-0.013406073,-0.022459706,0.014703435,0.04137608,0.013454898,-0.010490497,0.04670503,0.0024778915,-0.02830481,0.031331986,-0.024217423,0.031248286,-0.0015876989,-0.020269535,-0.03710734,-0.010629998,-0.045449518,-0.02070199,-0.023366464,-0.015345141,0.003592158,-0.019348828,-0.035098523,-0.008446802,0.016628552,-0.03057868,0.008753706,-0.012276113,-0.0004464041,0.017967764,0.03035548,-0.00979299,0.021957502,0.02612859,0.032894403,-0.014264006,0.025654286,-0.0057125776,-0.018944275,0.034345217,-0.0008710111,0.001266846,0.013859453,0.02066014,0.012848068,0.026337842,0.021776149,0.012087786,0.001691453,-0.013120095,0.014815036,0.0011857608,0.008983882,-0.020409038,0.04586802,0.038586054,-0.033508208,-0.03149939,-0.010692773,-0.032364298,0.025514783,0.011543731,-0.001154373,0.0055242507,0.0271609,0.024147673,-0.030718181,-0.039283562,-0.015610193,0.01634955,-0.016698303,0.004160626,0.02505443,0.025793787,0.0012659741,-0.0051092342,0.019000074,0.0013331091,-0.010141743,0.017256308,0.0043873154,0.0044814786,-0.020869391,-0.0092907855,0.009381461,0.0068390504,0.027928157,-0.00924196,-0.014012904,0.039869465,0.047318835,-0.031080885,3.8989518e-05,-0.0075470195,-0.057083923,-0.0035677452,-0.015373041,0.0056532896,-0.008049224,0.0058869543,0.033257104,0.035154324,0.004805819,0.020478789,0.024775427,0.036102932,0.023324614,-0.026421543,-0.01740976,-0.0023976783,0.044249807,0.0028876765,0.0052138604,0.00876068,-0.010406796,0.023603616,0.004976708,-0.01199711,0.03392671,-0.00016402299,0.0042687394,-0.03908826,-0.0021361134,-0.020632239,-0.0040211244,0.009667438,-0.020994943,0.00570909,-0.021148395,0.008558404,0.015191689,-0.0050185584,-0.026686596,0.0033096678,0.0087397555,0.01411753,-0.002078569,-0.03507062,-0.010469571,0.011181028,0.00010838595,0.003867673,-0.013936178,-0.005259198,0.03172259,0.021371596,-0.008649079,0.023087462,0.006692574,0.021580849,-0.006120619,-0.03049498,0.006936701,0.047290932,-0.011683232,-0.013392123,0.029155768,-0.0021954014,-0.025514783,0.005046459,0.011160103,0.039534662,-0.011732058,-0.0036095956,0.045114715,0.009799965,-0.0060159927,0.017967764,0.035517026,-0.030076476,-0.011976185,0.010846225,0.011076402,-0.015777595,-0.009758115,-0.024635926,-0.0052487357,-0.023087462,0.030522881,0.03847445,-0.008118975,-0.03911616,0.010113843,-0.01634955,-0.036158733,-0.03710734,-0.04567272,-0.008516553,0.008021324,-0.0051162094,0.031192487,0.006870438,0.008537479,0.005998555,-0.013950128,0.014522083,-0.005813716,0.02287821,0.0031544727,0.01834442,-0.0009023989,-0.004401265,0.017730612,-0.031471487,0.0144941835,-0.025710085,-0.015428842,-0.043077994,-0.0010584659,0.013322372,0.0001930131,0.0148289865,-0.041487683,0.0108253,0.046900332,0.009088509,0.023673367,-0.023282764,-0.011425155,0.013001519,-0.011181028,0.0051301597,-0.03378721,-0.012157537,0.021497147,-0.02407792,0.023547817,0.026268091,-0.013894328,-0.038586054,0.010574197,0.012450489,-0.011278679,-0.02290611,0.0016356525,0.041208677,-0.014396532,-0.024356924,0.027286451,-0.030299678,0.024370873,0.016475102,0.0006543482,0.0219017,-0.0027551502,-0.034484718,-0.03398251,-0.020632239,-0.0025842611,-0.01749346,0.025486885,-0.013559525,0.02954637,-0.048518546,0.006214782,0.025347382,0.007637695,-0.03370351,0.047542036,0.012373763,0.010448646,0.011662307,-0.002160526,-0.038000148,-0.003703759,0.023533866,-0.010964801,-0.007013427,-0.02823506,0.021594798,0.00023126697,-0.026700545,-0.0098627405,-0.0056114392,-0.014954537,-0.0023802407,-0.0024081408,0.015345141,-0.015777595,0.0012249956,-0.025152082,-0.050332062,-0.0052766358,-0.024454575,-0.023492016,0.015819445,-0.022222554,0.024635926,0.0025685674,0.010413771,-0.008237551,0.011906434,0.001959993,-0.020883342,0.018065415,-0.00037294795,-0.0072401166,-0.030522881,-0.040957578,0.0076586204,-0.032810703,0.0048860325,0.030718181,-0.0016278055,0.034652118,-0.022250455,0.012143587,-0.027370151,0.04776524,0.0983205,-0.009388437,0.0024430163,0.01959993,-0.019195376,-0.009695339,0.0035747204,-0.019237226,-0.005893929,0.007637695,0.015763644,0.02932317,-0.014982438,-0.015038238,-0.02300376,-0.01527539,-0.029769573,0.013664151,0.0163635,-0.037944347,0.030522881,0.0097441645,0.03668884,0.007826022,-0.016223999,-0.04115288,-0.0072261663,0.008077124,0.031387787,0.03568443,0.03719104,-0.010441671,0.054656602,0.008460753,0.007553994,0.008098049,-0.011167077,0.021636648,0.0025842611,-0.028876765,-8.321033e-05,0.00980694,0.013454898,0.040511172,0.0088374065,-0.011641382,0.015735744,-0.012806217,0.03917196,0.024022121,0.028960466,-0.0026714494,-0.009681389,-0.015484642,-0.014842936,0.007400543,0.04028797,0.029992776,-0.0056114392,-0.005531226,-0.006511222,-0.00015301547,-0.014647635,-0.0031405226,0.013350273,0.0039827614,-0.018190967,0.018163066,-0.010071993,0.014633684,0.023240913,-0.008997832,-0.048295345,0.024621977,-0.013998954,-0.0272725,-7.4546e-05,-0.008495628,-0.042073585,0.023701267,0.018400218,0.03135989,-0.010769499,0.01199711,-0.022696858,-0.03833495,-0.021106543,-0.022278355,-0.0013653688,0.0008897566,0.011083377,0.00094337744,0.024649877,-0.0026697058,-0.023575716,0.007853922,-0.007027377,-0.02833271,-0.02502653,0.038641855,-0.015944997,0.0049418327,-0.010204519,-0.0013557781,0.030411279,-0.021134444,-0.0022703833,-0.008844381,-0.016447201,0.003123085,0.0131340455,0.027425952,0.026923748,-0.04249209,0.021246046,0.031136686,-0.028848864,-0.02513813,0.029239468,-0.00086926733,0.011627432,0.0024325536,0.01358045,0.0020750815,0.010455621,-0.0068739257,0.036019232,0.009548862,0.012199387,-0.006706524,0.016712254,0.037163142,-0.027328301,0.0073586926,-0.004614005,-0.032029495,0.01756321,0.018930323,-0.0093117105,0.023017712,-0.004471016,0.017646912,-0.022655008,0.016516952,-0.018428119,0.013168921,0.016196098,-0.014856886,0.0045965672,-0.0026278554,0.019390678,-0.012813193,-0.010971775,0.040622775,-0.0018832673,0.012785292,0.033396605,0.0073238173,0.018832672,0.023240913,0.032280598,-0.01369205,-0.006036918,0.022334155,-0.005008096,-0.013538599,0.005356849,-0.032224797,-0.017172609,0.03710734,-0.0028301321,-0.013078245,-0.023980271,0.013629275,0.00047692002,-0.003375931,0.007086665,-0.0007188675,-0.019265126,-0.012380739,-0.03576813,0.011236828,-0.0035816955,-0.00873278,0.0047535063,-0.014787136,0.025877487,-0.022557357,0.02061829,0.003637496,0.021845901,-0.0017551004,0.00204195,0.0011072914,-0.029072067,0.028053708,-0.026309941,-0.012827143,0.024621977,0.01866527,0.020743841,0.0055835387,-0.012868993,-0.016726203,0.030746082,-0.013782727,-0.018051466,0.00048694666,0.020102134,0.015763644,0.03169469,-0.0135665,-4.158473e-06,0.016754104,-0.026672645,0.0046698055,-0.004896495,-0.006431009,-0.007219191,-0.0052870987,0.024370873,-0.034540515,-0.01632165,0.025710085,-0.008230575,0.0013871659,0.011543731,-0.020116085,-0.029657973,-0.009004808,0.026742395,-0.0012720773,-0.008495628,0.01738186,0.043998703,0.02300376,-0.037218943,-0.026672645,-0.022278355,-0.023575716,-0.0105532715,-0.016837806,-0.032168996,0.043273296,0.015568343,0.03149939,0.03696784,0.004045537,-0.042101488,0.009262885,-0.009179184,0.01745161,-0.004066462,-0.052006077,-0.030941384,-0.010183593,-0.018037515,0.0008801659,-0.022417856,-0.007274992,-0.025612434,-0.018400218,0.011167077,-0.0087397555,0.029155768,0.017925914,-0.017730612,-0.019418579,0.009681389,-0.0058625415,-0.014536033,-0.036158733,0.047039833,0.007512144,-0.046258625,-0.00023628029,0.014326782,0.01742371,-0.012262163,-0.024928879,0.028500112,-0.028053708,-0.012122661,-0.023478065,-0.012834118,0.045170516,-0.068969436,0.025598485,-0.006117131,0.0019216301,0.008844381,-0.02289216,-0.0033201305,0.020227686,0.0026226242,0.019181427,0.018651322,-0.014480233,-0.017005207,0.0019495304,0.026407592,-0.016042648,0.0037700222,-0.0016243181,-0.003696784,0.009618613,0.051503874,0.019711532,0.013280522,0.033815112,-0.019906832,-0.0019198863,-0.027453853,0.011711133,0.0017777694,0.0028789577,0.013685076,-0.015149839,-0.0216506,0.017828263,0.012966644,0.0066855988,-0.02286426,-0.016223999,0.061547965,0.012576041,-0.03462422,2.5666055e-05,-0.0006848641,-0.007177341,0.0018170042,-0.015414892,0.043970805,0.011801808,-0.01199711,0.0031474975,0.016572753,-0.0018239792,0.012401664,-0.00024129362,0.013426999,-0.026909797,0.02612859,0.0025842611,0.049522955,-0.003435219,0.029630072,0.027049297,0.017632961,0.007798122,-0.019000074,0.023505965,-0.054796103,0.045086812,0.020102134,-0.020311387,-0.0065774852,-0.0025179982,-0.027886307,-0.018860573,-0.052815184,0.007393568,-0.0024674288,0.017870113,0.0042966395,0.011292629,-0.023310663,0.0023349028,-0.0020018434,-0.055912115,0.021622699,-0.013182871,-0.009458187,0.0029086017,0.007156416,-0.0036130832,0.013943153,-0.00028445182,0.009597688,0.030299678,-0.008174775,0.012234262,0.02491493,0.00083657174,0.014040804,0.028793065,0.008495628,0.0018344418,0.010016192]	text-embedding-3-small	2026-01-22 17:26:03.501207
99d1d92a-a0fc-43d9-9de1-c40df3e7ba7b	0ab34a4c-5eef-45c7-8a5d-79ad91d8357e	[0.0029986221,0.05008518,0.05576441,0.013902556,-0.018926494,0.0005934606,0.0017346073,0.007015523,0.006880609,-0.006636479,0.02466997,-0.07457527,-0.015187451,-0.0060390034,0.004359004,0.052937645,0.024001826,0.046641663,-0.0017040911,0.030169317,0.055353247,0.049622618,-0.02395043,0.0352061,-0.013183015,-0.019401904,0.006694299,-0.011776056,0.030374901,-0.05504487,0.040242888,-0.020699646,-0.014365118,0.06789382,-0.020853834,0.022035938,0.014185233,0.0049661165,0.00013140052,-0.05386277,-0.014442212,-0.012662633,0.056072786,-0.0049275695,-0.013529937,0.03913788,0.00716971,-0.021496281,-0.02952687,-0.011981639,-0.012315712,0.008987836,-0.0012158313,0.085985124,-0.029346986,-0.029758152,-0.0054897107,0.006421259,0.013350052,-0.01495617,0.012707604,0.042118836,0.014814831,0.028884424,-0.017410317,-0.026057657,-0.031505607,0.026879989,-0.03489773,-0.011859574,-0.004773382,0.02152198,0.015868444,-0.012630511,-0.036002737,-0.03911218,0.024939798,0.0129260365,0.002423632,0.013774067,0.012245042,0.020198539,-0.016369553,0.013060951,0.01070317,0.01872091,-0.06270284,0.019800222,-0.045176882,-0.011101487,-0.056792326,0.024348747,-0.074061304,0.037056353,0.060852595,-0.01385116,-0.0046288315,-0.0057402654,-0.03255922,-0.018746607,0.068973124,-0.028781632,-0.0028926183,-0.052192405,0.042273022,0.06481007,-0.041193713,0.003091777,-0.05458231,-0.0003244358,-0.052937645,0.019748826,0.026173297,0.03864962,0.033150274,-0.037236236,-0.04885168,-0.01385116,-0.021843202,-0.05139577,-0.03826415,-0.0013732308,0.042247325,-0.016523741,0.032918993,-0.01895219,0.030786067,0.014519306,-0.029218497,-0.04995669,0.017114792,-0.010979421,0.0023336892,-0.04530537,-0.02759953,-0.0035912795,0.011024393,-0.0046577416,-0.045999214,0.008743705,0.03474354,-0.022344312,-0.011159307,0.0129260365,0.01860527,0.014853378,-0.033818416,-0.01748741,-0.052552175,-0.025685037,0.014801982,-0.004375065,-0.038829505,0.008441756,0.024130315,-0.028473258,-0.003173689,0.09975919,-0.011127184,0.039549045,-0.01591984,-0.03715914,0.032764804,-0.034435168,-0.01932481,-0.014557852,0.0049307817,-0.023976127,-0.10397365,-0.00034431153,0.019273415,-0.05859118,-0.009990053,-0.034486562,0.014519306,-0.019067831,0.014095291,-0.02831907,0.010388371,-0.013337202,0.01422378,-0.011429135,0.016806418,-0.04399478,-0.046024915,0.021984542,0.02504259,0.010947299,-0.00061353703,0.040679753,0.0012407261,0.024605725,0.017525958,-0.0011700569,0.03135142,-0.0267515,0.021316396,0.031505607,0.02734255,-0.009630282,0.0015225997,-0.012540569,-0.02174041,-0.0099964775,-0.020481216,0.014750587,-0.036747977,0.0071183145,0.026802896,-0.042941168,0.044200365,-0.029321287,0.008383935,-0.027059874,-0.025839224,-0.023667753,-0.04535677,0.007780035,-0.0047765947,0.03489773,0.01385116,0.018798003,0.03219945,0.013645577,0.020365575,0.04348082,-0.013478541,0.026044806,-0.01033055,-0.03230224,0.02893582,-0.0019048558,-0.0054864986,-0.030066526,0.0072146812,-0.04386629,0.018913643,0.018900795,-0.02320519,0.019260565,-0.025466604,0.075397596,-0.037493214,0.04109092,0.00583342,-0.018296896,-0.006842062,-0.046024915,0.015418732,0.012893914,0.04240151,-0.007837855,0.034126792,-0.06265145,-0.07123454,-0.020082898,-0.009283361,0.018489629,0.044662926,-0.013838312,0.007304624,-0.024335898,0.015161753,0.0028942244,-0.0018020642,0.028987216,0.014532154,0.03474354,-0.0070926165,-0.021136511,-0.04093673,0.043326635,0.013093073,0.01857957,-0.05396556,0.04653887,0.008043438,0.0065625976,0.01349139,0.028755935,0.037287634,-0.0017843969,0.013350052,0.0059876074,0.035463084,0.04695004,0.019684581,-0.007792884,0.045922123,0.011024393,0.0064790794,-0.043583613,-0.0044200365,-0.015225997,-0.014686341,0.0075423294,-0.02772802,-0.06465588,0.016472345,0.057460472,0.004574224,0.060955387,-0.025363814,0.042735584,-0.013311505,0.033355854,0.036773674,-0.0025248174,0.023886185,-0.057563264,0.06013305,0.0015001141,-0.01896504,-0.01629246,-0.005563592,0.0051813363,0.03864962,0.0021618346,0.029860944,-0.0015442823,-0.020249935,-0.008428906,0.025068287,0.01106294,0.029681059,-0.01834829,0.024374444,0.042607095,-0.01234141,-0.033150274,0.009212692,-0.042144533,0.007831431,0.009148448,-0.02698278,-5.8422538e-05,0.049031567,0.027239759,0.0047765947,-0.0077736103,-0.026417427,0.0022196549,-0.025132533,0.003954262,-0.037416123,-0.00025637657,-0.0050207246,0.005271279,0.016549438,0.068716146,-0.045408163,-0.017050548,-0.04109092,0.03230224,-0.013542786,0.03235364,0.050239366,-0.017782938,-0.0388809,0.039934516,-0.03669658,-0.01015709,0.0007801718,0.028139185,-0.015174601,0.027676623,0.019543242,0.012553417,0.020840986,-0.03171119,0.032173753,-0.050599135,0.0122771645,0.022922514,-0.0437635,-0.015791351,0.012245042,0.04718132,0.03754461,-0.013902556,0.08249021,-0.030426297,-0.024708517,0.021367792,0.060852595,0.019980107,-0.0051620626,0.008223323,0.07210827,-0.016857812,-0.045742236,-0.025106834,0.035283197,-0.029218497,0.011005119,-0.008640914,0.009559614,0.05653535,0.015906991,-0.048055045,-0.02321804,0.0024188135,-0.011204278,-0.024335898,-0.03911218,0.029064309,-0.0009339575,-0.024785612,0.0044778567,-0.015213149,0.016806418,-0.046024915,0.004269061,-0.01810416,0.041836157,-0.013195864,0.0038900175,0.024888402,-0.017667297,-0.019620337,0.034717843,-0.0328419,-0.023295134,-0.065940775,-0.015598617,0.027650924,0.030786067,-0.023911882,-0.006373076,-0.06100678,-0.0133629,-0.031274326,-0.013517088,0.033047482,-0.014557852,-0.024387294,0.01606118,-0.022575593,0.008242597,-0.027984997,0.028987216,0.007503783,0.017063396,-0.008820799,-0.005605351,-0.00507212,0.014622097,-0.05432533,-0.0107995365,0.03721054,-0.019864466,0.020956626,0.05509627,0.0015691771,-0.010401219,-0.016729323,0.03661949,0.0025938803,-0.012142251,-0.032533523,-0.032019567,0.0085445475,0.035694364,0.036182623,-0.0009291392,-0.046281893,-0.0028990428,0.015174601,-0.0027834023,0.0206611,0.009411851,-0.024785612,-0.020082898,0.04276128,-0.015213149,0.009315483,-0.022318615,-0.03685077,0.06460448,0.014609248,-0.027136967,-0.02140634,-0.0133629,-0.03379272,0.038598225,-0.039574742,0.07729924,0.021714713,-0.039703235,-0.0035720062,0.04509979,0.030040829,0.07884111,-0.0129260365,-0.034717843,-0.037750196,-0.01021491,-0.039728932,0.011679689,-0.015495826,0.018746607,0.033741325,0.040911034,0.008506,-0.001145162,-0.029012913,-0.04435455,-0.05617558,-0.014210931,0.048517607,-0.014776285,0.008236173,0.021573376,-0.0112364,0.011628293,0.018682363,0.00025999034,0.01883655,-0.023282284,0.018438233,0.018451082,0.010060722,0.021650469,-0.019607486,-0.0005846269,0.025453756,-0.020609705,-0.08403209,-0.00031058304,-0.010960149,0.013555635,-0.010529709,0.027676623,0.022549896,0.016844964,-0.012007337,0.001962676,-0.014712039,0.02515823,-0.013118771,-0.012759,-0.0064662304,0.009643132,-0.012167949,-0.015405882,0.005091394,-0.015662862,-0.009154872,0.0020237085,0.0016944543,0.013748369,-0.0030484118,0.026777197,-0.021200756,-0.041887555,-0.0023465382,-0.016459497,-0.010407643,-0.021676166,-0.035334595,0.001200573,-0.0014840529,-0.0014085653,-0.011621869,-0.034203887,0.007998467,-0.002940802,0.031300023,-0.022177275,0.04689864,-0.009880837,-0.0078699775,-0.00899426,-0.0143008735,-0.002820343,-0.03222515,-0.006183554,-0.006842062,-0.022100182,0.00021220832,-0.01178248,-0.027445342,-0.026571615,0.007670819,-0.046358988,0.049776804,-0.02929559,0.0033760597,0.0063987738,-0.005052847,-0.029218497,-0.011576897,-0.047798067,0.032379337,0.00070990407,0.009212692,0.00014736131,-0.0049629044,0.008107683,-0.0129003385,-0.020121444,0.0016559075,0.004156633,-0.0123028625,-0.018412536,0.014082441,0.0030757156,-0.028653143,-0.013761218,-0.016099725,0.01616397,0.033972606,-0.016433798,-0.020442668,-0.0066043567,0.026468823,-0.011743934,0.0014864621,0.020596856,0.008801525,-0.023397924,0.008814375,0.027162666,0.026417427,0.051961124,0.010369097,0.0010174756,-0.006636479,0.016613683,0.022087334,-0.0032684498,-0.005505772,-0.0023433259,-0.06188051,-0.0034081822,0.037878685,0.015894143,-0.009071354,0.0042722737,0.0026950657,0.012129402,0.02260129,0.040525567,-0.025505152,0.027779415,-0.0036908588,-0.020237084,-0.010381945,0.0267515,-0.019170623,-0.0070412206,0.004802292,-0.012765424,-0.028062092,0.034460865,-0.02468282,9.90774e-05,0.0034563655,0.016870663,0.0022694445,-0.045922123,-0.02321804,0.045279674,-0.017782938,0.0051684873,0.011127184,-0.032507826,-0.008724432,-0.008506,0.011763208,-0.0066043567,0.019633185,0.021830354,-0.033227365,-0.015225997,0.0025858497,-0.015572919,-0.052346595,0.02163762,0.006376288,-0.043583613,-0.027548134,-0.007857129,0.015097508,-0.00037302088,0.0010054298,0.048646096,0.008679461,0.005737053,0.035642967,0.006932005,0.014712039,0.030554786,-0.022164427,0.0047123497,0.022665536,0.0011628293,0.012495597,0.0043268814,-0.14442211,-0.00857667,0.021136511,-0.00029070734,-0.007882826,-0.044097573,0.022909665,-0.048183534,0.024862705,0.02260129,-0.06614636,0.03512901,0.022948213,-0.008377511,0.03839264,0.017294677,0.012765424,0.048903078,-0.025363814,0.005859118,-0.025466604,0.008139805,0.03307318,-0.011210702,-0.06100678,0.018592421,0.025723584,-0.0062574353,0.030734671,0.0007922176,-0.017179037,0.0033086028,-0.00716971,0.0112364,-0.0039060786,-0.038495433,-0.0053869192,-0.0546851,-0.002984167,-0.021701865,-0.013298656,0.013073799,-0.021496281,-0.020134294,0.008602368,-0.014647795,-0.008293993,0.003067685,0.06090399,-0.030195016,0.060801197,-0.02454148,0.010227758,0.01810416,-0.0028845877,0.00863449,-0.043326635,0.011833876,0.03230224,0.008930015,0.023295134,0.00015468923,0.011917395,0.00059787737,0.017680146,0.0046641664,-0.0049629044,-0.04666736,-0.013311505,0.03255922,-0.0004577436,0.031762585,0.0015097508,-0.00075005705,0.003597704,0.041656274,-0.0064244713,0.020943778,0.0015884505,0.014133837,0.0022244733,0.014840529,-0.022896817,-0.016665079,-0.008371086,-0.00716971,-0.026468823,-0.0062991944,-0.0038257728,-0.028627444,-0.01294531,-0.012527719,-0.017782938,0.0058526937,0.030554786,0.026597312,0.017795786,-0.0042016045,-0.06830498,-0.03656809,-0.0106710475,0.028755935,-0.012919612,0.013208713,0.008737281,-0.015598617,0.03721054,-0.014159535,-0.022292916,-0.010741716,0.018849399,-0.03572006,0.02844756,0.017808635,0.045151185,0.04093673,0.047875162,0.030477693,-0.011441983,-0.020108595,-0.024477236,0.03672228,-0.043814894,-0.03353574,0.013889708,0.0067392704,0.019350508,0.017281828,0.018194104,0.033998303,-0.0051909727,-0.011885272,-0.0017860031,-0.025929166,-0.042324416,0.0059586973,-0.00043927322,0.020224236,0.050470646,0.009893686,0.01119143,0.019517545,-0.0026083353,0.029141402,-0.03721054,0.03512901,0.0291671,0.017179037,0.040191494,-0.006662177,0.0704122,0.020866683,-0.051370073,0.005425466,-0.021817505,-0.012167949,-0.025415208,-0.034486562,0.042632792,0.025055438,-0.013581333,0.00033608015,-0.04425176,0.0026147598,-0.03536029,-0.0017892153,-0.025093986,0.031145837,-0.0022405344,0.0034660024,-0.03461505,0.0009211086,0.013272958,0.017885728,-0.031145837,-0.0068484866,-0.0060100933,-0.003421031,0.02747104,-0.0073431707,0.006906307,0.02468282,0.02175326,-0.00097089825,0.004773382,-0.0092191165,-0.011891697,-0.020866683,0.002805888,0.017346073,0.019234868,-0.0030982015,0.010420493,0.015611466,0.017230432,-0.00040092718,-0.015200299,-0.012071582,-0.026417427,0.026879989,0.014930472,0.008069136,-0.0015788139,-0.01786003,0.03808427,-0.025929166,-0.015495826,0.010009327,0.02929559,-0.007934222,0.015264545,0.024849856,0.0077736103,0.015508674,0.03330446,0.00558929,0.018695211,0.0023063852,-8.999279e-05,0.030786067,-0.012476323,-0.028267674,-0.013105921,-0.0182455,-0.0073303217,0.0389066,-0.027034177,-0.008782253,0.02988664,0.03949765,-0.037030652,0.0061514312,-0.009116325,0.0068227886,-0.009681678,-0.034949124,0.037390422,-0.023487868,-0.010857357,0.022948213,0.014763435,0.01955609,-0.0027336127,-0.006051852,-0.021213604,0.028550351,-0.04520258,-0.017975671,-0.018875098,0.011596171,-0.026520219,0.010414069,-0.014493608,-0.0036426752,0.00063040125,0.0114998035,-0.017667297,0.0077864593,0.016215365,0.01117858,-0.046975736,0.0076515456,-0.010677472,0.026674405,-0.021419188,-0.019170623,0.032019567,-0.04327524,0.020301329,0.02734255,0.042195927,0.00395105,0.017474562,0.0058398447,0.0057306285,-0.01714049,-0.019029284,0.009411851,0.009456822,0.022768326,0.010401219,0.013722671,-0.020519761,0.015701408,0.022524197,0.01166684,0.0007247607,-0.022048786,0.026057657,0.033972606,-0.03417819,-0.00013902958,-0.021868901,-0.0051941853,-0.023372227,0.01337575,0.0038482584,-0.01422378,0.04695004,0.037647404,0.045510955,0.0047123497,0.016716475,0.022948213,-0.00267258,0.0014374754,-0.0026468823,0.033098876,-0.022678385,-0.024734216,-0.016022632,0.018142708,0.00021321214,-0.005039998,0.008428906,-0.027548134,-0.018117009,0.0018197316,0.012039459,-0.012720454,-0.05334881,-0.012778274,0.015842747,0.0030034403,-0.042273022,-0.027291154,0.04327524,0.002113651,0.013761218,0.041424993,-0.0016976666,0.017731542,-0.0017362135,-0.0066557527,0.034460865,0.007792884,0.013086649,-0.004005658,0.0062317373,0.024078919,-0.013992499,-0.005910514,-0.014442212,0.03366423,0.025569396,0.008364662,-0.013581333,0.012052309,0.016266761,0.014763435,-0.005878391,-0.021444885,0.021830354,0.023179494,0.02772802,0.014801982,-0.019106379,0.02064825,0.0012792728,0.011743934,-0.031582702,-0.022511348,-0.03014362,0.005778812,-0.01324726,0.01639525,0.014801982,0.0143265715,-0.019016435,0.013388598,-0.0065786587,0.0059843953,-0.03864962,0.014866227,-0.007985618,-0.0060422155,0.013632729,0.011140034,-0.010831659,-0.025762131,0.018541025,0.0027866145,0.021162208,-0.045767933,-0.0044778567,-0.039780326,-0.010908753,-0.00045212219,0.0076515456,0.031916775,-0.0026677619,-0.019401904,-0.022421405,0.019260565,0.006376288,0.033869814,-0.017410317,0.021830354,-0.006919156,-0.0011017969,-0.012514871,-0.00771579,0.0014109745,-0.0015739955,0.007278926,-0.010600378,-0.036388207,-0.0043108203,0.034075398,-0.014532154,0.013799765,0.0121229775,-0.012579115,0.002560152,0.0068035154,0.002014072,-0.027676623,0.0015049324,0.023166643,-0.015932688,-0.008910742,0.0041405717,-0.03430668,-0.024348747,0.011319919,0.006173917,0.0101506645,-0.008101258,0.0058237836,0.028910121,0.0038129238,0.020262783,-0.009752348,0.028524654,-0.021611921,0.018708061,-0.023719149,-0.007015523,-0.003446729,-0.013311505,-0.002958469,0.028730236,-0.0013547604,0.028833028,-0.019183472,-0.013086649,-0.03659379,-0.007953496,0.10638925,0.021958843,0.020070048,0.022305764,0.034589354,-0.040191494,0.05090751,0.010208485,-0.02271693,0.009604584,-0.0018791578,0.052680667,0.02188175,0.011294221,0.035668664,-0.013902556,-0.0070540695,0.0016133453,0.005178124,0.0037936503,0.017975671,-0.0059843953,0.01543158,-0.0070797675,-0.00032664422,-0.02321804,-0.0067649684,0.027034177,0.015380185,0.033227365,0.008762979,0.010548982,0.036979258,0.008428906,-0.038598225,0.016562287,-0.009823017,0.013183015,0.0079021,-0.013517088,-0.00021140526,0.009077778,0.02515823,0.030606182,0.003639463,-0.007805733,0.014712039,0.0100286,0.0049307817,-0.0006990628,0.031325724,0.004481069,0.013208713,-0.0018695212,-0.026044806,-0.0036876467,0.002971318,0.020121444,0.008364662,-0.004085964,-0.021123663,-0.003555945,-0.0006793878,0.00923839,0.0049339943,-0.001402141,0.0026195783,0.01106294,-0.013035253,0.02140634,0.020802438,0.00253606,-0.010523284,0.020327028,0.0059458483,-0.009437549,0.01270118,-0.023436472,-0.018412536,-0.009957931,0.011011544,0.023140946,0.000995793,0.012135827,-0.012309288,-0.01507181,-0.009142023,-0.025569396,-0.01270118,0.009932233,-0.014750587,0.008512424,0.03985742,-0.0029102855,0.015727106,0.012103704,-0.016125424,-0.038572527,-0.0022228672,-0.0101763625,0.010921601,0.014904774,0.020519761,-0.0086473385,0.010240608,-0.00747166,-0.014532154,-0.028370466,0.015662862,-0.0007572846,0.008801525,-0.009700952,0.028833028,-0.01750026,0.014313722,0.015868444,-0.010401219,-0.037955776,0.015971236,-0.005120304,0.0038097117,-0.01021491,0.028627444,0.0115511995,-0.015624315,-0.034589354,0.010683896,0.054068353,-0.015521523,-0.00040895777,0.024811309,0.019941559,-0.03302178,0.0107481405,-0.04353222,0.014031046,-0.010471889,-0.00021963661,-0.050033785,0.0049950266,-0.031505607,-0.006527263,0.0034852757,0.014917622,-0.0052487934,-0.026520219,-0.011531927,-0.016318157,0.007086192,-0.01639525,0.012290014,0.004837627,-0.012617662,0.027419643,-0.016755022,-0.014801982,0.05967049,0.011461257,0.00771579,0.008840073,0.017436016,-0.026854292,-0.008981411,0.022215823,0.010266305,0.007490934,-0.008930015,-0.022935363,-0.011384163,0.02382194,-0.012090855,-0.017525958,-0.028833028,0.005897665,-0.018309744,0.02383479,-0.0008367874,0.01232856,-0.03695356,-0.018168405,-0.013542786,0.009032807,-0.019273415,-0.016215365,-0.003488488,-0.011088638,0.031788286,-0.0024878767,0.049571224,0.019273415,0.030657578,-0.0073688687,0.02162477,-0.0046866518,0.04278698,-0.020211387,-0.0017860031,-0.01823265,-0.0034820635,0.00043244724,0.019042134,-0.009623858,-0.017847182,-0.007510207,0.054428123,0.0028781632,-0.035925645,-0.01051686,0.012418503,0.023487868,0.017564505,0.00012266725,-0.016433798,0.03502622,-0.008435331,0.03867532,-0.008602368,-0.003488488,0.025903469,-0.0051460015,-0.0014944926,0.0046224073,0.00097651966,-0.002781796,0.009360455,0.010812385,0.024438689,-0.05653535,-0.022228671,0.022447104,0.04725841,-0.023462169,-0.025826376,0.04348082,0.021483433,0.0037583157,-0.030683275,0.030015131,-0.0004264243,0.0042722737,-0.0021762897,0.0034660024,0.006324892,0.039600443,-0.0067264214,0.0030211078,0.026211843,-0.013086649,-0.047720972,-0.0025055439,-0.016382402,0.022794025,0.012437777,-0.0249141,-0.002152198,-0.029963735,-0.0016430586,-0.014596399,0.019273415,0.008461029,-0.03343295,-0.029732455,0.00803059,0.01117858,0.0015900567,0.011377739,-0.00054126175,-0.010844508,-0.0027464617,-0.007291775,-0.00069344137,-0.030169317,0.03780159,-0.019941559,-0.035283197,-0.0031961745,0.0058526937,-0.017615901,0.01958179,-0.024220258,-0.02991234,0.009521067,-0.0026484884,-0.026674405,0.006189978,0.010998695,-0.061160967,0.02138064,0.012842518,0.032893293,0.03831555,-0.015354487,-0.014442212,-0.0020815288,-0.014801982,0.025466604,0.0328162,-0.029938037,-0.040654056,0.002820343,0.040525567,-0.013953952,-0.0018887946,0.021830354,0.00019283453,0.0069962493,-0.002277475,0.05190973,-0.0064630182,-0.0054447395,-0.022010239,-0.036670882,-0.03880381,0.0026067293,-0.004455371,-0.0039028665,0.0033310885,-0.041245107,-0.013170167,0.04121941,0.025415208,-0.0032925417,-0.0027191576,-0.008223323,0.090970516,0.0010889479,-0.027496738,-0.015405882,-0.014442212,-0.0070090983,0.0018968252,-0.0027496738,0.040782545,-0.0143265715,0.001021491,0.017076245,-0.0021313184,0.006912731,0.00403778,-0.009090628,0.016806418,0.0063152555,0.020995174,0.01981307,0.029192798,-0.007645121,-0.0025296356,0.0075744516,-0.0064501693,-0.012964583,0.018309744,0.02759953,-0.00011764813,0.036311112,0.010709594,-0.00686776,0.021817505,0.00978447,0.001185315,0.027008478,-0.03721054,0.030451994,0.002804282,0.03112014,-0.008974987,0.02515823,-0.01033055,-0.013607031,-0.016253913,-0.035822853,-0.010131392,-0.031685494,0.020943778,-0.009418275,0.02857605,0.026802896,-0.015110357,0.0017394257,0.016909208,-0.01751311,-0.0113713145,-0.021470584,0.039677534,0.0071375878,0.028139185,0.011255674,0.010369097,0.013060951,0.0037422546]	text-embedding-3-small	2026-01-22 17:26:03.501207
\.


--
-- Data for Name: id_map_loan; Type: TABLE DATA; Schema: public; Owner: -
--

COPY public.id_map_loan (id, old_loan_id, new_loan_id) FROM stdin;
\.


--
-- Data for Name: id_map_member; Type: TABLE DATA; Schema: public; Owner: -
--

COPY public.id_map_member (id, old_member_id, new_member_profile_id) FROM stdin;
\.


--
-- Data for Name: id_map_user; Type: TABLE DATA; Schema: public; Owner: -
--

COPY public.id_map_user (id, old_user_id, new_user_id) FROM stdin;
\.


--
-- Data for Name: interest_policy; Type: TABLE DATA; Schema: public; Owner: -
--

COPY public.interest_policy (id, term_months, base_rate_percent, effective_from, created_at) FROM stdin;
51145caf-c78b-4cae-9b41-3696b2f91af1	1	10.00	2024-01-01	2026-01-22 17:26:03.501207
3c0a69e9-efcc-47aa-8df7-50bfa2eff76c	2	15.00	2024-01-01	2026-01-22 17:26:03.501207
d8487366-070b-4a84-9aaf-97f488874d8f	3	20.00	2024-01-01	2026-01-22 17:26:03.501207
23ba92ba-8121-4e8b-98c0-e02782f4f082	4	25.00	2024-01-01	2026-01-22 17:26:03.501207
\.


--
-- Data for Name: interest_threshold_policy; Type: TABLE DATA; Schema: public; Owner: -
--

COPY public.interest_threshold_policy (id, threshold_amount, reduction_percent, applies_from_borrow_count, effective_from, created_at) FROM stdin;
93bab2e8-5c4a-4266-a888-5f1a54c05618	25000.00	2.00	3	2024-01-01	2026-01-22 17:26:03.501207
d9f50a9a-fbdc-4bed-bf2f-6108af1da77e	50000.00	3.00	3	2024-01-01	2026-01-22 17:26:03.501207
\.


--
-- Data for Name: ledger_account; Type: TABLE DATA; Schema: public; Owner: -
--

COPY public.ledger_account (id, account_code, account_name, account_type, parent_account_id, member_id, description, is_active, created_at) FROM stdin;
0a8b4784-c366-4585-b1dd-4c27c83ca378	BANK_CASH	Bank Cash Account	ASSET	\N	\N	\N	t	2026-01-22 17:26:03.501207
9076a122-a00c-4c5c-985b-f81af2cec4f7	LOANS_RECEIVABLE	Loans Receivable	ASSET	\N	\N	\N	t	2026-01-22 17:26:03.501207
5c1052b5-b841-458b-a84b-b1ba534ada4b	MEMBER_SAVINGS	Member Savings Payable	LIABILITY	\N	\N	\N	t	2026-01-22 17:26:03.501207
a22b49fe-4540-4eb9-951e-66be10d47f8f	SOCIAL_FUND	Social Fund Payable	LIABILITY	\N	\N	\N	t	2026-01-22 17:26:03.501207
f11f50b9-5ab3-4289-9d46-31efa956f52a	ADMIN_FUND	Admin Fund Payable	LIABILITY	\N	\N	\N	t	2026-01-22 17:26:03.501207
70b2a73b-e26f-4a71-9f94-b58860fa0e5e	INTEREST_INCOME	Interest Income	INCOME	\N	\N	\N	t	2026-01-22 17:26:03.501207
586fb630-db26-4028-b69a-c20eca5b85f6	PENALTY_INCOME	Penalty Income	INCOME	\N	\N	\N	t	2026-01-22 17:26:03.501207
27b2008a-58da-427f-a86b-921340728417	CARRY_FORWARD	Carry-Forward Reserve	EQUITY	\N	\N	\N	t	2026-01-22 17:26:03.501207
c8bb433c-926c-42be-a2aa-cdd5ab8e1e0e	SOC_FUND_REC	Social Fund Receivable	ASSET	\N	\N	Social fund receivables from members (contra account for member social fund accounts)	t	2026-01-22 17:26:03.501207
48e5d124-ced4-4c73-bc1a-e06ec1249771	ADM_FUND_REC	Admin Fund Receivable	ASSET	\N	\N	Admin fund receivables from members (contra account for member admin fund accounts)	t	2026-01-22 17:26:03.501207
6351468e-8213-4ec5-b1fa-706d708a7894	MEM_SOC_e449b521	Social Fund - e449b521-3666-45ac-8dce-ee7e7a78eaaa	ASSET	\N	e449b521-3666-45ac-8dce-ee7e7a78eaaa	Social fund receivable account for member e449b521-3666-45ac-8dce-ee7e7a78eaaa	t	2026-01-22 17:26:03.501207
e7099c82-0c32-4c72-bb91-0693570931ce	MEM_ADM_e449b521	Admin Fund - e449b521-3666-45ac-8dce-ee7e7a78eaaa	ASSET	\N	e449b521-3666-45ac-8dce-ee7e7a78eaaa	Admin fund receivable account for member e449b521-3666-45ac-8dce-ee7e7a78eaaa	t	2026-01-22 17:26:03.501207
\.


--
-- Data for Name: journal_line; Type: TABLE DATA; Schema: public; Owner: -
--

COPY public.journal_line (id, journal_entry_id, ledger_account_id, debit_amount, credit_amount, description) FROM stdin;
d57bd3fb-beb6-4d45-aa98-b08ebefa541b	9cad3d3f-1b63-4039-a6d2-06deaf6f33d0	6351468e-8213-4ec5-b1fa-706d708a7894	240.00	0.00	Initial required amount for 2026 - Social Fund
4b98cb03-f0f2-4a7e-897e-415d61934105	9cad3d3f-1b63-4039-a6d2-06deaf6f33d0	c8bb433c-926c-42be-a2aa-cdd5ab8e1e0e	0.00	240.00	Initial required amount for 2026 - Social Fund (contra)
e441cb10-0d82-4bde-a747-8b97d886ec34	9cad3d3f-1b63-4039-a6d2-06deaf6f33d0	e7099c82-0c32-4c72-bb91-0693570931ce	360.00	0.00	Initial required amount for 2026 - Admin Fund
bb089d09-e4f1-4d37-9200-384744031584	9cad3d3f-1b63-4039-a6d2-06deaf6f33d0	48e5d124-ced4-4c73-bc1a-e06ec1249771	0.00	360.00	Initial required amount for 2026 - Admin Fund (contra)
\.


--
-- Data for Name: member_credit_rating; Type: TABLE DATA; Schema: public; Owner: -
--

COPY public.member_credit_rating (id, member_id, cycle_id, tier_id, scheme_id, assigned_by, assigned_at, notes) FROM stdin;
d3e549bd-2c6e-4a08-9a34-ba5b7f2bd48e	e449b521-3666-45ac-8dce-ee7e7a78eaaa	fe427a5b-7944-41c7-8ea6-9896ee5d53c5	87e3b394-ef18-4c06-9b3b-e7c3e9658d9a	b0c0f7e0-4981-42fa-b580-de8a503016aa	f98efefd-37d2-4199-8214-35d8035339ce	2026-01-22 17:26:03.501207	\N
\.


--
-- Data for Name: member_status_history; Type: TABLE DATA; Schema: public; Owner: -
--

COPY public.member_status_history (id, member_profile_id, old_status, new_status, changed_by, changed_at, reason) FROM stdin;
\.


--
-- Data for Name: penalty_record; Type: TABLE DATA; Schema: public; Owner: -
--

COPY public.penalty_record (id, member_id, penalty_type_id, date_issued, status, created_by, approved_by, approved_at, journal_entry_id, notes) FROM stdin;
956fa570-8e0e-4e7e-b71a-24e2035cb394	e449b521-3666-45ac-8dce-ee7e7a78eaaa	b97034a3-561a-44eb-ad53-21866cfa0754	2026-01-22 17:26:03.501207	APPROVED	bfece7fe-a54d-4c56-867c-58eae93c3372	\N	\N	\N	Late Declaration - Declaration made after day 20 of January 2026 (Declaration period ends on day 20)
\.


--
-- Data for Name: policy_version; Type: TABLE DATA; Schema: public; Owner: -
--

COPY public.policy_version (id, cycle_id, interest_policy_id, interest_threshold_policy_id, borrowing_limit_policy_id, created_at) FROM stdin;
\.


--
-- Data for Name: posting_lock; Type: TABLE DATA; Schema: public; Owner: -
--

COPY public.posting_lock (id, cycle_id, locked_at, locked_by, reason) FROM stdin;
\.


--
-- Data for Name: repayment; Type: TABLE DATA; Schema: public; Owner: -
--

COPY public.repayment (id, loan_id, repayment_date, principal_amount, interest_amount, total_amount, journal_entry_id, created_at) FROM stdin;
\.


--
-- Data for Name: system_settings; Type: TABLE DATA; Schema: public; Owner: -
--

COPY public.system_settings (id, setting_key, setting_value, setting_type, description, updated_at, updated_by) FROM stdin;
\.


--
-- Data for Name: user_role; Type: TABLE DATA; Schema: public; Owner: -
--

COPY public.user_role (id, user_id, role_id, start_date, end_date, assigned_by, assigned_at) FROM stdin;
81044218-610a-4dcb-ba97-94d850e0bdc7	bfece7fe-a54d-4c56-867c-58eae93c3372	814b19fc-aab6-4569-880d-7bd533e385f8	\N	\N	bfece7fe-a54d-4c56-867c-58eae93c3372	2026-01-22 17:26:03.501207
\.


--
-- Data for Name: vb_group; Type: TABLE DATA; Schema: public; Owner: -
--

COPY public.vb_group (id, name, description, created_at) FROM stdin;
\.


--
-- PostgreSQL database dump complete
--

\unrestrict QS0zphcpZiv7pnYpXXDksewxGHiH6lb02PcykM7gdiiLRSLw1r5z2twFM1K1l79

